ID,SECTION,ANSWER,1,2,3,4,5,6,7,8,9,10,11,12,13,14,15,16,17,18,19,20,21,22,23,24,25,26,27,28,29,30,31,32,33,34,35,36,37,38,39,40,41,42,43,44,45,46,47,48,49,50,51,52,53,54,55,56,57,58,59,60,61,62,63,64,65,66,67,68,69,70,71,72,73,74,75,76,77,78,79,80,81,82,83,84,85,86,87,88,89,90,91,92,93,94,95
1,1,1,0.757928571,1.3908,0.918333333,0.557772727,0.237211923,0.42044456,0.750121556,0.181532539,0.125,0.602,0.26,0.003,1.787,2.63,2.142,1.417,0.268327222,0.351700594,0.069667467,0.310304716,1.835001414,1.772442775,4.816,1.471740347,1.310715295,1.377549252,1.185583332,2.238961039,1.214558412,1.246670657,0.35273351,0.360692747,0.171939477,0.40457324,0.432766426,0.64726649,0.639307253,0.828060523,0.59542676,0.567233574,0.181858973,0.128949688,0.003039514,0.21603903,0.449915671,0.209093282,0.149254606,0.126262626,0.224047141,0.268327222,0.383686469,0.264545247,0.608080808,0.329739218,0.351700594,0.253344891,0.471979213,0.262626263,0.268555667,0.069667467,0.153875358,0.114220934,0.003030303,0.177657974,0.310304716,1.211635724,3.162242203,2.08,1.198656967,0.259636227,0.547845972,0.75974488,0.675324675,0.54517689,0.206120006,0.452154028,0.24025512,0.324675325,0.45482311,0.793879994,0.660291439,1.78411526,0.431893688,0.814448669,0.198087432,0.397696105,0.640819468,0.30162413,0.448868399,0.165336374,0.602303895,0.359180532,0.69837587,0.551131601,0.834663626
1,2,4,0.7326,0.761142857,1.030666667,0.923727273,0.20240264,0.172150122,0.003304222,0.313508744,0.155,0.345,0.965,0.176,1.313,1.537,1.105,2.151,0.16467362,0.239525265,0.139003776,0.456797339,1.038961039,0.850532989,2.225806452,1.170601676,1.454545455,1.016187488,0.852933844,1.169642857,1.092638544,1.246484086,0.49044586,0.540384854,0.31,0.460701754,0.407407407,0.50955414,0.459615146,0.69,0.539298246,0.592592593,0.365918154,0.829702127,0.120136519,0.543868521,0.840933543,0.212462568,0.292757699,0.094454601,0.215034392,0.16467362,0.220740331,0.249000081,0.21023766,0.25171962,0.239525265,0.298905388,0.004779268,0.588056063,0.180969538,0.139003776,0.267891713,0.453462952,0.107251676,0.352276449,0.456797339,1.406861407,0.016324996,6.225806452,0.841584158,0.844116844,0.584521154,0.016062771,0.861607143,0.456989247,0.457735011,0.415478846,0.983937229,0.138392857,0.543010753,0.542264989,1.354104104,0.019193842,2.797101449,0.718932986,0.58033033,0.57520995,0.018832376,0.736641221,0.418243755,0.367220903,0.42479005,0.981167624,0.263358779,0.581756245,0.632779097
1,3,2,0.462785714,0.730615385,0.694857143,0.849863636,0.101060026,0.197489314,0.40968698,0.892314663,0.026,0.058,0.038,0.063,1.045,1.478,2.067,4.085,0.163867672,0.240224594,0.123020891,0.472886843,1.57873366,1.954178347,2.230769231,1.414354067,1.46596697,1.23135777,1.188800496,1.5,1.139138817,1.266155338,0.387787237,0.338503598,0.30952381,0.414189457,0.405520436,0.612212763,0.661496402,0.69047619,0.585810543,0.594479564,0.450078076,1.259910908,0.516393443,0.889978214,0.897125858,0.169015747,0.063140773,0.140540541,0.120461095,0.163867672,0.266830849,0.123388331,0.313513514,0.17037464,0.240224594,0.253771444,0.255966217,0.205405405,0.238270893,0.123020891,0.31038196,0.55750468,0.340540541,0.470893372,0.472886843,1.501466276,4.053897449,1.461538462,1.977990431,0.750733138,0.600234467,0.802132906,0.59375,0.664203085,0.42881072,0.399765533,0.197867094,0.40625,0.335796915,0.57118928,0.951057365,2.0744767,0.655172414,1.398511502,0.512107812,0.487457408,0.674741396,0.395833333,0.583074753,0.338671494,0.512542592,0.325258604,0.604166667,0.416925247,0.661328506
1,4,4,0.890571429,0.667277778,0.476,0.44673913,0.922233531,0.314794423,0.1034696,0.270967584,0.03,0.002,0.158,0.028,3.327,1.868,1.135,2.047,0.315533735,0.303968214,0.120463633,0.260034418,0.74926924,0.341339165,0.066666667,0.561466787,0.963346166,0.836603015,0.40778273,0.85106383,0.673016584,0.973473415,0.571667287,0.745523598,0.9375,0.640423484,0.509334532,0.428332713,0.254476402,0.0625,0.359576516,0.490665468,0.219652042,0.202139559,0.147368421,0.323380727,0.351414207,0.359016212,0.572295056,0.137614679,0.397158887,0.315533735,0.268999805,0.195346716,0.009174312,0.222991524,0.303968214,0.191889961,0.064208401,0.724770642,0.135490032,0.120463633,0.180094022,0.168149827,0.128440367,0.244359556,0.260034418,0.53448829,0.112194576,5.266666667,0.341148182,0.38177735,0.348316956,0.100876752,0.840425532,0.254370238,0.276294404,0.651683044,0.899123248,0.159574468,0.745629762,0.723705596,0.713346099,0.328689432,79,0.607601713,0.396303389,0.416346761,0.247378676,0.9875,0.377955378,0.283823266,0.583653239,0.752621324,0.0125,0.622044622,0.716176734
2,1,2,1.3908,0.757928571,0.918333333,0.557772727,0.42044456,0.237211923,0.750121556,0.181532539,0.602,0.125,0.26,0.003,2.63,1.787,2.142,1.417,0.351700594,0.268327222,0.069667467,0.310304716,0.544958708,0.564193109,0.207641196,0.679467681,0.762942192,0.725926858,0.843466649,0.446635731,0.82334451,0.80213647,0.64726649,0.639307253,0.828060523,0.59542676,0.567233574,0.35273351,0.360692747,0.171939477,0.40457324,0.432766426,0.181858973,0.128949688,0.003039514,0.21603903,0.449915671,0.383686469,0.264545247,0.608080808,0.329739218,0.351700594,0.209093282,0.149254606,0.126262626,0.224047141,0.268327222,0.253344891,0.471979213,0.262626263,0.268555667,0.069667467,0.153875358,0.114220934,0.003030303,0.177657974,0.310304716,0.660291439,1.78411526,0.431893688,0.814448669,0.198087432,0.397696105,0.640819468,0.30162413,0.448868399,0.165336374,0.602303895,0.359180532,0.69837587,0.551131601,0.834663626,1.211635724,3.162242203,2.08,1.198656967,0.259636227,0.547845972,0.75974488,0.675324675,0.54517689,0.206120006,0.452154028,0.24025512,0.324675325,0.45482311,0.793879994
2,2,2,0.761142857,0.7326,1.030666667,0.923727273,0.172150122,0.20240264,0.003304222,0.313508744,0.345,0.155,0.965,0.176,1.537,1.313,1.105,2.151,0.239525265,0.16467362,0.139003776,0.456797339,0.9625,1.175733349,0.449275362,0.854261548,0.6875,0.984070373,1.172423872,0.854961832,0.915215746,0.802256532,0.50955414,0.459615146,0.69,0.539298246,0.592592593,0.49044586,0.540384854,0.31,0.460701754,0.407407407,0.365918154,0.829702127,0.120136519,0.543868521,0.840933543,0.220740331,0.249000081,0.21023766,0.25171962,0.239525265,0.212462568,0.292757699,0.094454601,0.215034392,0.16467362,0.298905388,0.004779268,0.588056063,0.180969538,0.139003776,0.267891713,0.453462952,0.107251676,0.352276449,0.456797339,1.354104104,0.019193842,2.797101449,0.718932986,0.58033033,0.57520995,0.018832376,0.736641221,0.418243755,0.367220903,0.42479005,0.981167624,0.263358779,0.581756245,0.632779097,1.406861407,0.016324996,6.225806452,0.841584158,0.844116844,0.584521154,0.016062771,0.861607143,0.456989247,0.457735011,0.415478846,0.983937229,0.138392857,0.543010753,0.542264989
2,3,3,0.730615385,0.462785714,0.694857143,0.849863636,0.197489314,0.101060026,0.40968698,0.892314663,0.058,0.026,0.038,0.063,1.478,1.045,2.067,4.085,0.240224594,0.163867672,0.123020891,0.472886843,0.633419066,0.51172402,0.448275862,0.707036536,0.682143609,0.812111658,0.841184036,0.666666667,0.877856135,0.789792508,0.612212763,0.661496402,0.69047619,0.585810543,0.594479564,0.387787237,0.338503598,0.30952381,0.414189457,0.405520436,0.450078076,1.259910908,0.516393443,0.889978214,0.897125858,0.266830849,0.123388331,0.313513514,0.17037464,0.240224594,0.169015747,0.063140773,0.140540541,0.120461095,0.163867672,0.253771444,0.255966217,0.205405405,0.238270893,0.123020891,0.31038196,0.55750468,0.340540541,0.470893372,0.472886843,0.951057365,2.0744767,0.655172414,1.398511502,0.512107812,0.487457408,0.674741396,0.395833333,0.583074753,0.338671494,0.512542592,0.325258604,0.604166667,0.416925247,0.661328506,1.501466276,4.053897449,1.461538462,1.977990431,0.750733138,0.600234467,0.802132906,0.59375,0.664203085,0.42881072,0.399765533,0.197867094,0.40625,0.335796915,0.57118928
2,4,3,0.667277778,0.890571429,0.476,0.44673913,0.314794423,0.922233531,0.1034696,0.270967584,0.002,0.03,0.158,0.028,1.868,3.327,1.135,2.047,0.303968214,0.315533735,0.120463633,0.260034418,1.334633729,2.929637451,15,1.781049251,1.038048456,1.195310059,2.452286294,1.175,1.485847486,1.027249419,0.428332713,0.254476402,0.0625,0.359576516,0.490665468,0.571667287,0.745523598,0.9375,0.640423484,0.509334532,0.219652042,0.202139559,0.147368421,0.323380727,0.351414207,0.268999805,0.195346716,0.009174312,0.222991524,0.303968214,0.359016212,0.572295056,0.137614679,0.397158887,0.315533735,0.191889961,0.064208401,0.724770642,0.135490032,0.120463633,0.180094022,0.168149827,0.128440367,0.244359556,0.260034418,0.713346099,0.328689432,79,0.607601713,0.396303389,0.416346761,0.247378676,0.9875,0.377955378,0.283823266,0.583653239,0.752621324,0.0125,0.622044622,0.716176734,0.53448829,0.112194576,5.266666667,0.341148182,0.38177735,0.348316956,0.100876752,0.840425532,0.254370238,0.276294404,0.651683044,0.899123248,0.159574468,0.745629762,0.723705596
5,1,2,1.344307692,0.570957143,0.099,0.59389375,1.078083598,0.050496268,0.0107936,0.265945357,0.03,0.2377,0.008,0.0173,4.059,0.949,0.268,1.912,0.555322529,0.127000318,0.015729266,0.301947887,0.424722068,0.046838917,7.923333333,0.233801429,0.228696498,0.464181786,0.056287218,6.465789474,0.281257222,0.249941573,0.701891283,0.955256806,0.112065745,0.810503195,0.813870636,0.298108717,0.044743194,0.887934255,0.189496805,0.186129364,0.294843925,0.233413683,0.062749365,0.362395754,0.432557801,0.515424062,0.767145206,0.102389078,0.564691152,0.555322529,0.218911973,0.035932251,0.811262799,0.132025598,0.127000318,0.037957815,0.007680535,0.027303754,0.037284363,0.015729266,0.22770615,0.189242009,0.059044369,0.265998887,0.301947887,0.073643854,0.01001184,0.266666667,0.066026115,0.028324559,0.068592443,0.009912596,0.210526316,0.061936677,0.027544377,0.931407557,0.990087404,0.789473684,0.938063323,0.972455623,0.173393049,0.213750449,0.033655869,0.282402529,0.123852178,0.147770646,0.176107411,0.032560033,0.22021364,0.110203264,0.852229354,0.823892589,0.967439967,0.77978636,0.889796736
5,2,2,0.721272727,1.018777778,0.14,0.57345,0.091434017,0.301121728,0,0.381072948,0.187,0.248,0.14,0.025,1.17,2.019,0.14,2.538,0.276330454,0.319343828,0.00487601,0.399449707,1.412472341,3.293322768,1.326203209,1.725641026,1.155659188,1.345424906,3.293322768,1.186544343,1.648091603,1.152960119,0.414512524,0.232919828,0.429885057,0.366886171,0.463895223,0.585487476,0.767080172,0.570114943,0.633113829,0.536104777,0.305018402,0.97074862,0.043478261,0.762391108,0.665139477,0.293977004,0.118188502,0.311666667,0.199420487,0.276330454,0.415234387,0.389232886,0.413333333,0.344128175,0.319343828,0.057061329,0,0.233333333,0.023862281,0.00487601,0.23372728,0.492578612,0.041666667,0.432589057,0.399449707,0.194101336,0,0.748663102,0.11965812,0.017645576,0.162550137,0,0.428134557,0.106870229,0.017339609,0.837449863,1,0.571865443,0.893129771,0.982660391,0.137419566,0,0.564516129,0.069341258,0.015268841,0.120816953,0,0.360824742,0.064844836,0.015039209,0.879183047,1,0.639175258,0.935155164,0.984960791
5,3,2,1.059,1.376166667,1.243,1.199,0.1312235,0.416661139,0,1.321071143,0.389,0.662,1.243,0.017,1.585,2.198,1.243,3.963,0.243742448,0.237556821,0.035761551,0.482939179,1.29949638,3.175202147,1.701799486,1.386750789,0.974622285,1.137778743,3.175202147,1.167279412,1.216760962,0.977869274,0.434877832,0.239509361,0.370123692,0.418979646,0.506425967,0.565122168,0.760490639,0.629876308,0.581020354,0.493574033,0.325977616,2.411221358,0.007410636,0.788499801,0.934008458,0.217134265,0.070212202,0.1683254,0.176326621,0.243742448,0.282165192,0.222937933,0.28645608,0.244521081,0.237556821,0.254861087,0,0.537862397,0.13828012,0.035761551,0.245839456,0.706849865,0.007356123,0.440872177,0.482939179,1.17374882,0,3.195372751,0.784227129,0.146718602,0.539965248,0,0.761642157,0.439533239,0.127946475,0.460034752,1,0.238357843,0.560466761,0.872053525,0.90323362,0,1.877643505,0.565514104,0.150538937,0.474578428,0,0.652493438,0.3612322,0.130842105,0.525421572,1,0.347506562,0.6387678,0.869157895
5,4,2,0.714230769,0.730692308,0.4442,0.497863636,0.221025408,0.27476929,0.01850776,0.184443663,0.035,0.191,0.247,0.09,1.746,2.063,0.617,1.897,0.290537581,0.297233869,0.069497465,0.342731085,1.023047927,1.243157029,5.457142857,1.181557847,1.023047927,1.014210205,1.224369268,1.553191489,1.134151502,1.018598992,0.494303663,0.445800266,0.154867257,0.458388028,0.494303663,0.505696337,0.554199734,0.845132743,0.541611972,0.505696337,0.263542192,0.35862878,0.190274841,0.428603705,0.521447274,0.299218578,0.316317188,0.062166963,0.276134746,0.290537581,0.306114946,0.393231936,0.339253996,0.326269176,0.297233869,0.186092364,0.026487102,0.438721137,0.097580263,0.069497465,0.208574113,0.263963774,0.159857904,0.300015815,0.342731085,0.621927841,0.083735893,7.057142857,0.353379152,0.239203016,0.38344976,0.077265959,0.875886525,0.26110876,0.193029724,0.61655024,0.922734041,0.124113475,0.73889124,0.806970276,0.607916623,0.067357455,1.293193717,0.299079011,0.233814086,0.378077205,0.063106745,0.563926941,0.230223881,0.189505119,0.621922795,0.936893255,0.436073059,0.769776119,0.810494881
6,1,2,0.570957143,1.344307692,0.099,0.59389375,0.050496268,1.078083598,0.0107936,0.265945357,0.2377,0.03,0.008,0.0173,0.949,4.059,0.268,1.912,0.127000318,0.555322529,0.015729266,0.301947887,2.354480908,21.34976775,0.126209508,4.277133825,4.372607401,2.154328389,17.76602284,0.154660155,3.555464256,4.000935058,0.298108717,0.044743194,0.887934255,0.189496805,0.186129364,0.701891283,0.955256806,0.112065745,0.810503195,0.813870636,0.294843925,0.233413683,0.062749365,0.362395754,0.432557801,0.218911973,0.035932251,0.811262799,0.132025598,0.127000318,0.515424062,0.767145206,0.102389078,0.564691152,0.555322529,0.037957815,0.007680535,0.027303754,0.037284363,0.015729266,0.22770615,0.189242009,0.059044369,0.265998887,0.301947887,0.173393049,0.213750449,0.033655869,0.282402529,0.123852178,0.147770646,0.176107411,0.032560033,0.22021364,0.110203264,0.852229354,0.823892589,0.967439967,0.77978636,0.889796736,0.073643854,0.01001184,0.266666667,0.066026115,0.028324559,0.068592443,0.009912596,0.210526316,0.061936677,0.027544377,0.931407557,0.990087404,0.789473684,0.938063323,0.972455623
6,2,3,1.018777778,0.721272727,0.14,0.57345,0.301121728,0.091434017,0,0.381072948,0.248,0.187,0.14,0.025,2.019,1.17,0.14,2.538,0.319343828,0.276330454,0.00487601,0.399449707,0.707978465,0.303644699,0.754032258,0.579494799,0.865307013,0.743259617,0.303644699,0.842783505,0.60676239,0.867332689,0.585487476,0.767080172,0.570114943,0.633113829,0.536104777,0.414512524,0.232919828,0.429885057,0.366886171,0.463895223,0.305018402,0.97074862,0.043478261,0.762391108,0.665139477,0.415234387,0.389232886,0.413333333,0.344128175,0.319343828,0.293977004,0.118188502,0.311666667,0.199420487,0.276330454,0.057061329,0,0.233333333,0.023862281,0.00487601,0.23372728,0.492578612,0.041666667,0.432589057,0.399449707,0.137419566,0,0.564516129,0.069341258,0.015268841,0.120816953,0,0.360824742,0.064844836,0.015039209,0.879183047,1,0.639175258,0.935155164,0.984960791,0.194101336,0,0.748663102,0.11965812,0.017645576,0.162550137,0,0.428134557,0.106870229,0.017339609,0.837449863,1,0.571865443,0.893129771,0.982660391
6,3,3,1.376166667,1.059,1.243,1.199,0.416661139,0.1312235,0,1.321071143,0.662,0.389,1.243,0.017,2.198,1.585,1.243,3.963,0.237556821,0.243742448,0.035761551,0.482939179,0.769528885,0.314940578,0.587613293,0.7211101,1.026038513,0.878905504,0.314940578,0.856692913,0.821854112,1.022631579,0.565122168,0.760490639,0.629876308,0.581020354,0.493574033,0.434877832,0.239509361,0.370123692,0.418979646,0.506425967,0.325977616,2.411221358,0.007410636,0.788499801,0.934008458,0.282165192,0.222937933,0.28645608,0.244521081,0.237556821,0.217134265,0.070212202,0.1683254,0.176326621,0.243742448,0.254861087,0,0.537862397,0.13828012,0.035761551,0.245839456,0.706849865,0.007356123,0.440872177,0.482939179,0.90323362,0,1.877643505,0.565514104,0.150538937,0.474578428,0,0.652493438,0.3612322,0.130842105,0.525421572,1,0.347506562,0.6387678,0.869157895,1.17374882,0,3.195372751,0.784227129,0.146718602,0.539965248,0,0.761642157,0.439533239,0.127946475,0.460034752,1,0.238357843,0.560466761,0.872053525
6,4,3,0.730692308,0.714230769,0.4442,0.497863636,0.27476929,0.221025408,0.01850776,0.184443663,0.191,0.035,0.247,0.09,2.063,1.746,0.617,1.897,0.297233869,0.290537581,0.069497465,0.342731085,0.977471313,0.804403608,0.183246073,0.846340281,0.977471313,0.985988896,0.81674706,0.643835616,0.881716418,0.981740614,0.505696337,0.554199734,0.845132743,0.541611972,0.505696337,0.494303663,0.445800266,0.154867257,0.458388028,0.494303663,0.263542192,0.35862878,0.190274841,0.428603705,0.521447274,0.306114946,0.393231936,0.339253996,0.326269176,0.297233869,0.299218578,0.316317188,0.062166963,0.276134746,0.290537581,0.186092364,0.026487102,0.438721137,0.097580263,0.069497465,0.208574113,0.263963774,0.159857904,0.300015815,0.342731085,0.607916623,0.067357455,1.293193717,0.299079011,0.233814086,0.378077205,0.063106745,0.563926941,0.230223881,0.189505119,0.621922795,0.936893255,0.436073059,0.769776119,0.810494881,0.621927841,0.083735893,7.057142857,0.353379152,0.239203016,0.38344976,0.077265959,0.875886525,0.26110876,0.193029724,0.61655024,0.922734041,0.124113475,0.73889124,0.806970276
7,1,1,0.999666667,0.991285714,0.853,0.5145,0.991764,0.719461633,0.3025,0.232420964,0.028,0.024,0.303,0.017,3.215,2.696,1.403,1.532,0.362125176,0.279291608,0.068665728,0.289917488,0.991616253,0.725436326,0.857142857,0.838569207,0.771257086,0.995476276,0.789608328,0.987915408,0.887613686,0.807717462,0.50210476,0.579563549,0.538461538,0.543901201,0.564570783,0.49789524,0.420436451,0.461538462,0.456098799,0.435429217,0.180910202,0.115418387,0.047887324,0.209461307,0.408287042,0.297656942,0.441540192,0.075268817,0.363441103,0.362125176,0.295161462,0.320309295,0.064516129,0.304770518,0.279291608,0.253986034,0.134675092,0.814516129,0.158602758,0.068665728,0.153195562,0.103475421,0.045698925,0.173185621,0.289917488,0.853284428,0.305012079,10.82142857,0.436391913,0.189618762,0.460417416,0.233723568,0.915407855,0.303811174,0.159394562,0.539582584,0.766276432,0.084592145,0.696188826,0.840605438,0.860498631,0.420453275,12.625,0.520400593,0.245856752,0.462509682,0.295999371,0.926605505,0.342278605,0.197339503,0.537490318,0.704000629,0.073394495,0.657721395,0.802660497
7,2,2,1.043933333,0.683142857,0.383538462,0.422105263,0.980314698,0.285636408,0.093893787,0.097275778,0.061,0.052,0.014,0.105,4.3298,2.127,1.012,1.147,0.45431423,0.231233438,0.120548926,0.193903406,0.654393183,0.291372157,0.852459016,0.491246709,0.508972476,0.747252116,0.353311485,0.88,0.587629638,0.611941052,0.604451233,0.77437011,0.539823009,0.670579854,0.662702611,0.395548767,0.22562989,0.460176991,0.329420146,0.337297389,0.199991629,0.071534466,0.826771654,0.153572194,0.240546118,0.412178752,0.672775232,0.262931034,0.502541842,0.45431423,0.269726965,0.196027971,0.224137931,0.246872026,0.231233438,0.151433429,0.064437894,0.060344828,0.117458623,0.120548926,0.166660854,0.066758904,0.452586207,0.13312751,0.193903406,0.367397466,0.09577923,0.229508197,0.233729041,0.265342614,0.268683741,0.087407415,0.186666667,0.189449249,0.209700212,0.731316259,0.912592585,0.813333333,0.810550751,0.790299788,0.561432294,0.328717854,0.269230769,0.475787494,0.521329987,0.359562369,0.247394774,0.212121212,0.322395667,0.342680412,0.640437631,0.752605226,0.787878788,0.677604333,0.657319588
7,3,3,0.8936,0.611818182,0.3603,0.428058824,0.858110507,0.312147967,0.08839181,0.183483349,0.013,0.038,0.012,0.089,3.735,2.135,0.746,1.47,0.432191913,0.216998775,0.116173341,0.234635971,0.684666721,0.363761968,2.923076923,0.571619813,0.502088929,0.775275685,0.423178866,2,0.642936844,0.607573352,0.593589217,0.733265792,0.254901961,0.636286201,0.665739545,0.406410783,0.266734208,0.745098039,0.363713799,0.334260455,0.229433806,0.145777864,1.412698413,0.222188634,0.306567806,0.389575795,0.595028427,0.085526316,0.461909473,0.432191913,0.266729582,0.216448712,0.25,0.264036606,0.216998775,0.15707717,0.061292385,0.078947368,0.092258224,0.116173341,0.186617453,0.127230477,0.585526316,0.181795696,0.234635971,0.403200537,0.103007491,0.923076923,0.199732262,0.268800358,0.287343488,0.093387843,0.48,0.166480696,0.211853942,0.712656512,0.906612157,0.52,0.833519304,0.788146058,0.588900446,0.283172788,0.315789474,0.34941452,0.535364042,0.370633948,0.220681728,0.24,0.258937869,0.348688667,0.629366052,0.779318272,0.76,0.741062131,0.651311333
7,4,2,1.1306,0.708,0.669666667,0.488588235,0.381723973,0.5110625,0.079877556,0.211045772,0.258,0.113,0.14,0.01,2.293,2.393,0.982,1.782,0.485277706,0.162073998,0.114974104,0.237674192,0.626216168,1.338827361,0.437984496,1.04361099,0.333981956,0.765256999,1.280195187,0.635678392,1.030534351,0.46155313,0.614924399,0.427564692,0.69541779,0.489329919,0.749635327,0.385075601,0.572435308,0.30458221,0.510670081,0.250364673,0.194791185,0.21697705,0.019569472,0.314396613,0.311775084,0.377262176,0.322481045,0.495201536,0.307785235,0.485277706,0.236247674,0.431746446,0.216890595,0.321208054,0.162073998,0.223456486,0.067480691,0.268714012,0.131812081,0.114974104,0.163033664,0.178291817,0.019193858,0.239194631,0.237674192,0.592310867,0.209254752,0.542635659,0.428259922,0.236924347,0.371981929,0.173044391,0.351758794,0.299847328,0.191543119,0.628018071,0.826955609,0.648241206,0.700152672,0.808456881,0.945856874,0.156297039,1.238938053,0.41036356,0.709392655,0.486087588,0.135170319,0.553359684,0.290962963,0.414996901,0.513912412,0.864829681,0.446640316,0.709037037,0.585003099
8,1,2,0.991285714,0.999666667,0.853,0.5145,0.719461633,0.991764,0.3025,0.232420964,0.024,0.028,0.303,0.017,2.696,3.215,1.403,1.532,0.279291608,0.362125176,0.068665728,0.289917488,1.008454628,1.378480735,1.166666667,1.192507418,1.296584522,1.004544281,1.266450675,1.012232416,1.126616248,1.23805668,0.49789524,0.420436451,0.461538462,0.456098799,0.435429217,0.50210476,0.579563549,0.538461538,0.543901201,0.564570783,0.180910202,0.115418387,0.047887324,0.209461307,0.408287042,0.295161462,0.320309295,0.064516129,0.304770518,0.279291608,0.297656942,0.441540192,0.075268817,0.363441103,0.362125176,0.253986034,0.134675092,0.814516129,0.158602758,0.068665728,0.153195562,0.103475421,0.045698925,0.173185621,0.289917488,0.860498631,0.420453275,12.625,0.520400593,0.245856752,0.462509682,0.295999371,0.926605505,0.342278605,0.197339503,0.537490318,0.704000629,0.073394495,0.657721395,0.802660497,0.853284428,0.305012079,10.82142857,0.436391913,0.189618762,0.460417416,0.233723568,0.915407855,0.303811174,0.159394562,0.539582584,0.766276432,0.084592145,0.696188826,0.840605438
8,2,2,0.683142857,1.043933333,0.383538462,0.422105263,0.285636408,0.980314698,0.093893787,0.097275778,0.052,0.061,0.014,0.105,2.127,4.3298,1.012,1.147,0.231233438,0.45431423,0.120548926,0.193903406,1.528133278,3.432036917,1.173076923,2.035637047,1.964742785,1.338236425,2.830363693,1.136363636,1.70175215,1.63414433,0.395548767,0.22562989,0.460176991,0.329420146,0.337297389,0.604451233,0.77437011,0.539823009,0.670579854,0.662702611,0.199991629,0.071534466,0.826771654,0.153572194,0.240546118,0.269726965,0.196027971,0.224137931,0.246872026,0.231233438,0.412178752,0.672775232,0.262931034,0.502541842,0.45431423,0.151433429,0.064437894,0.060344828,0.117458623,0.120548926,0.166660854,0.066758904,0.452586207,0.13312751,0.193903406,0.561432294,0.328717854,0.269230769,0.475787494,0.521329987,0.359562369,0.247394774,0.212121212,0.322395667,0.342680412,0.640437631,0.752605226,0.787878788,0.677604333,0.657319588,0.367397466,0.09577923,0.229508197,0.233729041,0.265342614,0.268683741,0.087407415,0.186666667,0.189449249,0.209700212,0.731316259,0.912592585,0.813333333,0.810550751,0.790299788
8,3,3,0.611818182,0.8936,0.3603,0.428058824,0.312147967,0.858110507,0.08839181,0.183483349,0.038,0.013,0.012,0.089,2.135,3.735,0.746,1.47,0.216998775,0.432191913,0.116173341,0.234635971,1.460564636,2.749050443,0.342105263,1.74941452,1.991679049,1.289863746,2.363066969,0.5,1.555362721,1.645891803,0.406410783,0.266734208,0.745098039,0.363713799,0.334260455,0.593589217,0.733265792,0.254901961,0.636286201,0.665739545,0.229433806,0.145777864,1.412698413,0.222188634,0.306567806,0.266729582,0.216448712,0.25,0.264036606,0.216998775,0.389575795,0.595028427,0.085526316,0.461909473,0.432191913,0.15707717,0.061292385,0.078947368,0.092258224,0.116173341,0.186617453,0.127230477,0.585526316,0.181795696,0.234635971,0.588900446,0.283172788,0.315789474,0.34941452,0.535364042,0.370633948,0.220681728,0.24,0.258937869,0.348688667,0.629366052,0.779318272,0.76,0.741062131,0.651311333,0.403200537,0.103007491,0.923076923,0.199732262,0.268800358,0.287343488,0.093387843,0.48,0.166480696,0.211853942,0.712656512,0.906612157,0.52,0.833519304,0.788146058
8,4,2,0.708,1.1306,0.669666667,0.488588235,0.5110625,0.381723973,0.079877556,0.211045772,0.113,0.258,0.14,0.01,2.393,2.293,0.982,1.782,0.162073998,0.485277706,0.114974104,0.237674192,1.596892655,0.746922291,2.283185841,0.95821145,2.994173729,1.306750544,0.781130886,1.57312253,0.97037037,2.16659781,0.385075601,0.572435308,0.30458221,0.510670081,0.250364673,0.614924399,0.427564692,0.69541779,0.489329919,0.749635327,0.194791185,0.21697705,0.019569472,0.314396613,0.311775084,0.236247674,0.431746446,0.216890595,0.321208054,0.162073998,0.377262176,0.322481045,0.495201536,0.307785235,0.485277706,0.223456486,0.067480691,0.268714012,0.131812081,0.114974104,0.163033664,0.178291817,0.019193858,0.239194631,0.237674192,0.945856874,0.156297039,1.238938053,0.41036356,0.709392655,0.486087588,0.135170319,0.553359684,0.290962963,0.414996901,0.513912412,0.864829681,0.446640316,0.709037037,0.585003099,0.592310867,0.209254752,0.542635659,0.428259922,0.236924347,0.371981929,0.173044391,0.351758794,0.299847328,0.191543119,0.628018071,0.826955609,0.648241206,0.700152672,0.808456881
9,1,4,0.802555556,0.988,0.5016,1.092454545,0.197382247,0.272473667,0.08217184,0.399451339,0.294,0.403,0.082,0.211,1.667,2,0.859,2.096,0.260984246,0.214192802,0.090620032,0.434202919,1.231067424,1.380436543,1.370748299,1.199760048,0.820711616,1.142195035,1.268611418,1.289893617,1.131828979,0.866920152,0.448215948,0.420091013,0.421807747,0.454595037,0.5492358,0.551784052,0.579908987,0.578192253,0.545404963,0.4507642,0.476605762,0.723607348,0.270860077,0.463102077,0.767418098,0.237119057,0.207447803,0.296969697,0.251736635,0.260984246,0.291909547,0.286368528,0.407070707,0.302023558,0.214192802,0.148200231,0.086362213,0.082828283,0.129719118,0.090620032,0.322771165,0.419821457,0.213131313,0.316520689,0.434202919,0.625003461,0.41630816,0.278911565,0.515296941,0.347224145,0.384616695,0.293938969,0.218085106,0.340063341,0.257733018,0.615383305,0.706061031,0.781914894,0.659936659,0.742266982,0.507692308,0.30157718,0.203473945,0.4295,0.423076923,0.336734694,0.231701342,0.169072165,0.300454704,0.297297297,0.663265306,0.768298658,0.830927835,0.699545296,0.702702703
9,2,4,2.1912,0.837428571,0,0.928846154,1.26434376,0.222839388,0,0.465218438,0.867,0.288,1000,0.012,4.278,1.905,0,2.473,0.379192192,0.202886512,0,0.417921296,0.382178063,0.176249051,0.332179931,0.445301543,0.535049288,0.382178063,0.176249051,0.999421502,0.445301543,0.535049288,0.723495783,0.850160091,0.750649351,0.691897137,0.65144488,0.276504217,0.149839909,0.249350649,0.308102863,0.34855512,0.306688698,0.312818524,1.20E-05,0.399967653,0.717980735,0.553686417,0.647583863,0.000865989,0.49422366,0.379192192,0.211606802,0.114136041,0.000287664,0.220078558,0.202886512,0,0,0.99883436,0,0,0.234706781,0.238280096,1.20E-05,0.285697782,0.417921296,0,0,1153.402537,0,0,0,0,0.999133751,0,0,1,1,0.000866249,1,1,0,0,3472.222222,0,0,0,0,0.999712083,0,0,1,1,0.000287917,1,1
9,3,3,1.022769231,0.802285714,0.224333333,0.967533333,0.510637101,0.240341918,0.012953889,0.682473849,0.186,0.05,0.04,0.001,3.001,1.576,0.339,2.465,0.382387622,0.161513905,0.03871042,0.417388053,0.784424961,0.470670694,0.268817204,0.525158281,0.422382671,0.823203381,0.483766551,0.398230088,0.573353293,0.475481492,0.560404624,0.679961873,0.788135593,0.655669653,0.703045685,0.439595376,0.320038127,0.211864407,0.344330347,0.296954315,0.472108357,0.893368831,0.003623188,0.501423922,0.716408333,0.339010873,0.353038382,0.671480144,0.406584474,0.382387622,0.265928591,0.16616482,0.180505415,0.213521203,0.161513905,0.074358357,0.00895591,0.144404332,0.045928736,0.03871042,0.320702179,0.471840888,0.003610108,0.333965587,0.417388053,0.21933915,0.025368092,0.215053763,0.112962346,0.101233454,0.179883628,0.024740473,0.17699115,0.101497006,0.091927332,0.820116372,0.975259527,0.82300885,0.898502994,0.908072668,0.279617759,0.053897751,0.8,0.215101523,0.239672365,0.218516629,0.051141347,0.444444444,0.177023499,0.193335248,0.781483371,0.948858653,0.555555556,0.822976501,0.806664752
9,4,4,1.3126,0.8586,0.585,0.892315789,0.57713384,0.20232864,0.008464,1.3619719,0.46,0.039,0.493,0.006,2.859,1.522,0.677,5.185,0.329500954,0.215533688,0.029370419,0.425594939,0.654121591,0.350574903,0.084782609,0.53235397,0.654121591,0.760750422,0.359961437,0.558237146,0.62188914,0.682428651,0.604550479,0.740425428,0.921843687,0.652590733,0.604550479,0.395449521,0.259574572,0.078156313,0.347409267,0.395449521,0.323748563,1.728552009,0.006048387,1.025108739,0.740931737,0.35976273,0.268447032,0.460921844,0.279117446,0.329500954,0.235328569,0.094110792,0.039078156,0.14858928,0.215533688,0.160339172,0.00393693,0.493987976,0.066093918,0.029370419,0.244569529,0.633505245,0.006012024,0.506199356,0.425594939,0.445680329,0.014665576,1.07173913,0.236796083,0.089136066,0.308284148,0.014453605,0.517313746,0.191459276,0.081841074,0.691715852,0.985546395,0.482686254,0.808540724,0.918158926,0.681341719,0.041832931,12.64102564,0.444809461,0.136268344,0.405236908,0.040153205,0.926691729,0.307867212,0.119926199,0.594763092,0.959846795,0.073308271,0.692132788,0.880073801
10,1,1,0.988,0.802555556,0.5016,1.092454545,0.272473667,0.197382247,0.08217184,0.399451339,0.403,0.294,0.082,0.211,2,1.667,0.859,2.096,0.214192802,0.260984246,0.090620032,0.434202919,0.812303194,0.724408525,0.729528536,0.8335,1.218454791,0.87550722,0.78826344,0.775257732,0.883525708,1.153508772,0.551784052,0.579908987,0.578192253,0.545404963,0.4507642,0.448215948,0.420091013,0.421807747,0.454595037,0.5492358,0.476605762,0.723607348,0.270860077,0.463102077,0.767418098,0.291909547,0.286368528,0.407070707,0.302023558,0.214192802,0.237119057,0.207447803,0.296969697,0.251736635,0.260984246,0.148200231,0.086362213,0.082828283,0.129719118,0.090620032,0.322771165,0.419821457,0.213131313,0.316520689,0.434202919,0.507692308,0.30157718,0.203473945,0.4295,0.423076923,0.336734694,0.231701342,0.169072165,0.300454704,0.297297297,0.663265306,0.768298658,0.830927835,0.699545296,0.702702703,0.625003461,0.41630816,0.278911565,0.515296941,0.347224145,0.384616695,0.293938969,0.218085106,0.340063341,0.257733018,0.615383305,0.706061031,0.781914894,0.659936659,0.742266982
10,2,2,0.837428571,2.1912,0,0.928846154,0.222839388,1.26434376,0,0.465218438,0.288,0.867,1000,0.012,1.905,4.278,0,2.473,0.202886512,0.379192192,0,0.417921296,2.616581372,5.673789417,3.010416667,2.245669291,1.868986694,2.616581372,5.673789417,1.000578833,2.245669291,1.868986694,0.276504217,0.149839909,0.249350649,0.308102863,0.34855512,0.723495783,0.850160091,0.750649351,0.691897137,0.65144488,0.306688698,0.312818524,1.20E-05,0.399967653,0.717980735,0.211606802,0.114136041,0.000287664,0.220078558,0.202886512,0.553686417,0.647583863,0.000865989,0.49422366,0.379192192,0,0,0.99883436,0,0,0.234706781,0.238280096,1.20E-05,0.285697782,0.417921296,0,0,3472.222222,0,0,0,0,0.999712083,0,0,1,1,0.000287917,1,1,0,0,1153.402537,0,0,0,0,0.999133751,0,0,1,1,0.000866249,1,1
10,3,4,0.802285714,1.022769231,0.224333333,0.967533333,0.240341918,0.510637101,0.012953889,0.682473849,0.05,0.186,0.04,0.001,1.576,3.001,0.339,2.465,0.161513905,0.382387622,0.03871042,0.417388053,1.274819198,2.124627714,3.72,1.904187817,2.367521368,1.214766633,2.067112737,2.511111111,1.744125326,2.103131284,0.439595376,0.320038127,0.211864407,0.344330347,0.296954315,0.560404624,0.679961873,0.788135593,0.655669653,0.703045685,0.472108357,0.893368831,0.003623188,0.501423922,0.716408333,0.265928591,0.16616482,0.180505415,0.213521203,0.161513905,0.339010873,0.353038382,0.671480144,0.406584474,0.382387622,0.074358357,0.00895591,0.144404332,0.045928736,0.03871042,0.320702179,0.471840888,0.003610108,0.333965587,0.417388053,0.279617759,0.053897751,0.8,0.215101523,0.239672365,0.218516629,0.051141347,0.444444444,0.177023499,0.193335248,0.781483371,0.948858653,0.555555556,0.822976501,0.806664752,0.21933915,0.025368092,0.215053763,0.112962346,0.101233454,0.179883628,0.024740473,0.17699115,0.101497006,0.091927332,0.820116372,0.975259527,0.82300885,0.898502994,0.908072668
10,4,2,0.8586,1.3126,0.585,0.892315789,0.20232864,0.57713384,0.008464,1.3619719,0.039,0.46,0.493,0.006,1.522,2.859,0.677,5.185,0.215533688,0.329500954,0.029370419,0.425594939,1.528767761,2.852457467,11.79487179,1.878449409,1.528767761,1.314491549,2.778075364,1.791353383,1.608003638,1.465354654,0.395449521,0.259574572,0.078156313,0.347409267,0.395449521,0.604550479,0.740425428,0.921843687,0.652590733,0.604550479,0.323748563,1.728552009,0.006048387,1.025108739,0.740931737,0.235328569,0.094110792,0.039078156,0.14858928,0.215533688,0.35976273,0.268447032,0.460921844,0.279117446,0.329500954,0.160339172,0.00393693,0.493987976,0.066093918,0.029370419,0.244569529,0.633505245,0.006012024,0.506199356,0.425594939,0.681341719,0.041832931,12.64102564,0.444809461,0.136268344,0.405236908,0.040153205,0.926691729,0.307867212,0.119926199,0.594763092,0.959846795,0.073308271,0.692132788,0.880073801,0.445680329,0.014665576,1.07173913,0.236796083,0.089136066,0.308284148,0.014453605,0.517313746,0.191459276,0.081841074,0.691715852,0.985546395,0.482686254,0.808540724,0.918158926
11,1,1,0.8359,0.765769231,0.40175,0.341333333,0.53387229,0.298118024,0.136671812,0.096846333,0.002,0.1,0.012,0.034,2.329,2.129,1.233,1.28,0.425990572,0.253662887,0.163791566,0.156554975,0.916101484,0.558407,50,0.914126234,0.595465965,0.94333554,0.648413482,8,0.943851769,0.707811285,0.521893025,0.641680896,0.019607843,0.522431584,0.626776141,0.478106975,0.358319104,0.980392157,0.477568416,0.373223859,0.17037539,0.099979478,0.298245614,0.224916535,0.185613728,0.356498171,0.501049321,0.013513514,0.334098408,0.425990572,0.326588503,0.279789448,0.675675676,0.305408119,0.253662887,0.171340041,0.128269101,0.081081081,0.176875628,0.163791566,0.145573285,0.09089213,0.22972973,0.183617845,0.156554975,0.480619691,0.256000948,6,0.529411765,0.384495753,0.324607118,0.203822257,0.857142857,0.346153846,0.277715372,0.675392882,0.796177743,0.142857143,0.653846154,0.722284628,0.524635861,0.458448674,0.12,0.579145139,0.645705676,0.344105681,0.314339943,0.107142857,0.366745985,0.392357932,0.655894319,0.685660057,0.892857143,0.633254015,0.607642068
11,2,2,0.804117647,0.685333333,0.378785714,0.4441875,0.345591751,0.225928056,0.112097454,0.062312027,0.012,0.087,0.004,0.063,1.848,1.683,0.976,0.856,0.398495802,0.239738806,0.154588386,0.207177006,0.852279932,0.653742617,7.25,0.910714286,0.601609364,0.899582402,0.738548137,5.6875,0.941572238,0.712960523,0.539875201,0.604689019,0.121212121,0.523364486,0.624371974,0.460124799,0.395310981,0.878787879,0.476635514,0.375628026,0.237757615,0.091150459,0.611650485,0.189926781,0.261315586,0.347737949,0.463303635,0.072289157,0.344583256,0.398495802,0.296370076,0.302881331,0.524096386,0.313816894,0.239738806,0.163804597,0.150278928,0.024096386,0.181987693,0.154588386,0.192087378,0.083536105,0.379518072,0.159612157,0.207177006,0.471057582,0.324363802,0.333333333,0.528138528,0.387929773,0.320216957,0.244920468,0.25,0.345609065,0.279502451,0.679783043,0.755079532,0.75,0.654390935,0.720497549,0.55270289,0.496164382,0.045977011,0.579916815,0.644820039,0.355961784,0.331624244,0.043956044,0.367055284,0.392030753,0.644038216,0.668375756,0.956043956,0.632944716,0.607969247
11,3,2,0.815928571,0.7044375,0.429454545,0.3243,0.269631352,0.387377621,0.049250066,0.06710951,0.056,0.065,0.012,0.009,1.784,2.437,0.904,1.128,0.336921897,0.33243865,0.139334592,0.191304861,0.863356824,1.436693538,1.160714286,1.36603139,0.986693513,0.910476487,1.369247822,1.132352941,1.242931548,0.990586487,0.536665864,0.410392191,0.462809917,0.422648661,0.503348903,0.463334136,0.589607809,0.537190083,0.577351339,0.496651097,0.166322993,0.095021099,0.067669173,0.220097561,0.236559924,0.358788608,0.348645355,0.394366197,0.285303055,0.336921897,0.309762593,0.500896528,0.457746479,0.389732928,0.33243865,0.188844225,0.06368253,0.084507042,0.144570606,0.139334592,0.142604573,0.086775587,0.063380282,0.180393411,0.191304861,0.526338408,0.182657045,0.214285714,0.506726457,0.413551606,0.344837295,0.154446334,0.176470588,0.336309524,0.292562086,0.655162705,0.845553666,0.823529412,0.663690476,0.707437914,0.6096418,0.127137097,0.184615385,0.370947887,0.419128737,0.378743768,0.11279648,0.155844156,0.270577671,0.295342294,0.621256232,0.88720352,0.844155844,0.729422329,0.704657706
11,4,2,0.887875,0.467,0.391285714,0.285857143,0.569438609,0.115714947,0.134557347,0.052789456,0.008,0.005,0.017,0.073,3.037,1.185,1.15,0.828,0.411053241,0.256741898,0.158506944,0.173697917,0.52597494,0.203208819,0.625,0.390187685,0.624595241,0.670975668,0.35550246,0.88,0.557678529,0.729069295,0.655318756,0.831110929,0.615384615,0.719327333,0.615537935,0.344681244,0.168889071,0.384615385,0.280672667,0.384462065,0.16370609,0.06440009,2.433333333,0.154132539,0.210211157,0.436942518,0.652651432,0.077669903,0.48983871,0.411053241,0.229820815,0.132624527,0.048543689,0.191129032,0.256741898,0.192560175,0.154220391,0.165048544,0.185483871,0.158506944,0.140676492,0.060503649,0.708737864,0.133548387,0.173697917,0.440699101,0.23629825,2.125,0.378663154,0.385611713,0.305892536,0.191133693,0.68,0.274659661,0.278297094,0.694107464,0.808866307,0.32,0.725340339,0.721702906,0.837870909,1.162834621,3.4,0.970464135,0.617378564,0.455892144,0.537643798,0.772727273,0.492505353,0.38171556,0.544107856,0.462356202,0.227272727,0.507494647,0.61828444
12,1,2,0.765769231,0.8359,0.40175,0.341333333,0.298118024,0.53387229,0.136671812,0.096846333,0.1,0.002,0.012,0.034,2.129,2.329,1.233,1.28,0.253662887,0.425990572,0.163791566,0.156554975,1.09158212,1.790808497,0.02,1.093940817,1.679357107,1.060068192,1.542225799,0.125,1.0594884,1.412805957,0.478106975,0.358319104,0.980392157,0.477568416,0.373223859,0.521893025,0.641680896,0.019607843,0.522431584,0.626776141,0.17037539,0.099979478,0.298245614,0.224916535,0.185613728,0.326588503,0.279789448,0.675675676,0.305408119,0.253662887,0.356498171,0.501049321,0.013513514,0.334098408,0.425990572,0.171340041,0.128269101,0.081081081,0.176875628,0.163791566,0.145573285,0.09089213,0.22972973,0.183617845,0.156554975,0.524635861,0.458448674,0.12,0.579145139,0.645705676,0.344105681,0.314339943,0.107142857,0.366745985,0.392357932,0.655894319,0.685660057,0.892857143,0.633254015,0.607642068,0.480619691,0.256000948,6,0.529411765,0.384495753,0.324607118,0.203822257,0.857142857,0.346153846,0.277715372,0.675392882,0.796177743,0.142857143,0.653846154,0.722284628
12,2,4,0.685333333,0.804117647,0.378785714,0.4441875,0.225928056,0.345591751,0.112097454,0.062312027,0.087,0.012,0.004,0.063,1.683,1.848,0.976,0.856,0.239738806,0.398495802,0.154588386,0.207177006,1.173323415,1.529653987,0.137931034,1.098039216,1.662208171,1.111626903,1.354007884,0.175824176,1.062053404,1.402602203,0.460124799,0.395310981,0.878787879,0.476635514,0.375628026,0.539875201,0.604689019,0.121212121,0.523364486,0.624371974,0.237757615,0.091150459,0.611650485,0.189926781,0.261315586,0.296370076,0.302881331,0.524096386,0.313816894,0.239738806,0.347737949,0.463303635,0.072289157,0.344583256,0.398495802,0.163804597,0.150278928,0.024096386,0.181987693,0.154588386,0.192087378,0.083536105,0.379518072,0.159612157,0.207177006,0.55270289,0.496164382,0.045977011,0.579916815,0.644820039,0.355961784,0.331624244,0.043956044,0.367055284,0.392030753,0.644038216,0.668375756,0.956043956,0.632944716,0.607969247,0.471057582,0.324363802,0.333333333,0.528138528,0.387929773,0.320216957,0.244920468,0.25,0.345609065,0.279502451,0.679783043,0.755079532,0.75,0.654390935,0.720497549
12,3,2,0.7044375,0.815928571,0.429454545,0.3243,0.387377621,0.269631352,0.049250066,0.06710951,0.065,0.056,0.012,0.009,2.437,1.784,0.904,1.128,0.33243865,0.336921897,0.139334592,0.191304861,1.158269643,0.696042666,0.861538462,0.7320476,1.013485937,1.098326002,0.730327983,0.883116883,0.804549536,1.00950297,0.463334136,0.589607809,0.537190083,0.577351339,0.496651097,0.536665864,0.410392191,0.462809917,0.422648661,0.503348903,0.166322993,0.095021099,0.067669173,0.220097561,0.236559924,0.309762593,0.500896528,0.457746479,0.389732928,0.33243865,0.358788608,0.348645355,0.394366197,0.285303055,0.336921897,0.188844225,0.06368253,0.084507042,0.144570606,0.139334592,0.142604573,0.086775587,0.063380282,0.180393411,0.191304861,0.6096418,0.127137097,0.184615385,0.370947887,0.419128737,0.378743768,0.11279648,0.155844156,0.270577671,0.295342294,0.621256232,0.88720352,0.844155844,0.729422329,0.704657706,0.526338408,0.182657045,0.214285714,0.506726457,0.413551606,0.344837295,0.154446334,0.176470588,0.336309524,0.292562086,0.655162705,0.845553666,0.823529412,0.663690476,0.707437914
12,4,4,0.467,0.887875,0.391285714,0.285857143,0.115714947,0.569438609,0.134557347,0.052789456,0.005,0.008,0.017,0.073,1.185,3.037,1.15,0.828,0.256741898,0.411053241,0.158506944,0.173697917,1.901231263,4.921046263,1.6,2.562869198,1.601036853,1.490367011,2.812920057,1.136363636,1.793147752,1.371611734,0.344681244,0.168889071,0.384615385,0.280672667,0.384462065,0.655318756,0.831110929,0.615384615,0.719327333,0.615537935,0.16370609,0.06440009,2.433333333,0.154132539,0.210211157,0.229820815,0.132624527,0.048543689,0.191129032,0.256741898,0.436942518,0.652651432,0.077669903,0.48983871,0.411053241,0.192560175,0.154220391,0.165048544,0.185483871,0.158506944,0.140676492,0.060503649,0.708737864,0.133548387,0.173697917,0.837870909,1.162834621,3.4,0.970464135,0.617378564,0.455892144,0.537643798,0.772727273,0.492505353,0.38171556,0.544107856,0.462356202,0.227272727,0.507494647,0.61828444,0.440699101,0.23629825,2.125,0.378663154,0.385611713,0.305892536,0.191133693,0.68,0.274659661,0.278297094,0.694107464,0.808866307,0.32,0.725340339,0.721702906
13,1,3,1.6028275,1.028,0.628909091,0.531264444,1.211364103,0.681194,0.279488446,0.105918244,0.361,0.173,0.022,0.192,3.376,2.622,1.87,1.339,0.357873849,0.315601451,0.193078426,0.133446274,0.641366585,0.562336294,0.479224377,0.776658768,0.881879054,0.7424304,0.644384615,0.509138381,0.856271445,0.92327394,0.609248421,0.640067061,0.676029963,0.562854285,0.531383777,0.390751579,0.359932939,0.323970037,0.437145715,0.468616223,0.162977722,0.048764261,0.345323741,0.17018302,0.153996538,0.422797959,0.531774726,0.482620321,0.366677528,0.357873849,0.271168483,0.299036228,0.231283422,0.284783317,0.315601451,0.165895257,0.122692171,0.029411765,0.203106332,0.193078426,0.140138301,0.046496875,0.256684492,0.145432823,0.133446274,0.392374782,0.230722081,0.060941828,0.553909953,0.539515325,0.281802563,0.187468872,0.057441253,0.356462066,0.35044492,0.718197437,0.812531128,0.942558747,0.643537934,0.64955508,0.611779271,0.410291997,0.12716763,0.713196034,0.611779271,0.379567651,0.290926984,0.112820513,0.416295637,0.379567651,0.620432349,0.709073016,0.887179487,0.583704363,0.620432349
13,2,3,1.2344,0.8225,0.425666667,0.549583333,0.84054744,0.37884025,0.139040556,0.028908076,0.092,0.207,0.032,0.325,3.08,1.438,1.055,0.88,0.631729785,0.05612419,0.087137496,0.22500853,0.666315619,0.450706566,2.25,0.466883117,0.088842083,0.751877435,0.528672062,1.927419355,0.602902056,0.199288087,0.600126404,0.689319276,0.307692308,0.681717574,0.918406825,0.399873596,0.310680724,0.692307692,0.318282426,0.081593175,0.221377069,0.021280532,0.981873112,0.157904181,0.290336782,0.40710387,0.605871429,0.140243902,0.477297381,0.631729785,0.271259667,0.273070231,0.31554878,0.222842089,0.05612419,0.140384436,0.100221232,0.048780488,0.16348985,0.087137496,0.181252027,0.020837108,0.495426829,0.13637068,0.22500853,0.344836898,0.165416666,0.347826087,0.342532468,0.137934759,0.256415405,0.14193779,0.258064516,0.255139057,0.121214998,0.743584595,0.85806221,0.741935484,0.744860943,0.878785002,0.517527862,0.367016323,0.154589372,0.733657858,1.552583587,0.341033516,0.268479839,0.133891213,0.423184918,0.608240057,0.658966484,0.731520161,0.866108787,0.576815082,0.391759943
13,3,2,0.689333333,1.043785714,0.599888889,0.408294118,0.208564722,0.560698311,0.29486721,0.099608208,0.362,0.309,0.001,0.01,2.117,3.185,1.749,1.255,0.234833215,0.41484741,0.153271824,0.197047551,1.51419591,2.688366015,0.85359116,1.504487482,1.766561896,1.274935054,1.699466137,0.85399449,1.276254527,1.463828542,0.397741479,0.271122767,0.539493294,0.399283289,0.361459471,0.602258521,0.728877233,0.460506706,0.600716711,0.638540529,0.175007599,0.093605278,0.014880952,0.177988938,0.245403762,0.251462013,0.179219585,0.530791789,0.254875993,0.234833215,0.380762752,0.481807842,0.453079179,0.383457741,0.41484741,0.21883356,0.253379279,0.001466276,0.210570672,0.153271824,0.148941674,0.085593294,0.014662757,0.151095594,0.197047551,0.870245003,1.413792355,0.002762431,0.826169107,0.652683752,0.465310696,0.585714157,0.002754821,0.452405587,0.394923561,0.534689304,0.414285843,0.997245179,0.547594413,0.605076439,0.57472418,0.525892809,0.003236246,0.549136578,0.369465544,0.364968156,0.344645971,0.003225806,0.354479124,0.269788127,0.635031844,0.655354029,0.996774194,0.645520876,0.730211873
13,4,2,0.968733333,0.8585,0.509461538,0.5216,0.389529396,0.313559583,0.168627325,0.142192507,0.007,0.077,0.036,0.021,2.298,2.095,1.209,1.314,0.369933809,0.262270876,0.16860998,0.199185336,0.886208795,0.804970272,11,0.911662315,0.708967036,0.925427063,0.863891611,2.627906977,0.942115768,0.80008509,0.530164,0.554025745,0.083333333,0.52310494,0.585148794,0.469836,0.445974255,0.916666667,0.47689506,0.414851206,0.223221271,0.16311787,0.175,0.234559086,0.248728383,0.338920012,0.384185827,0.04964539,0.33227299,0.369933809,0.300353896,0.30925817,0.546099291,0.302920763,0.262270876,0.178239671,0.166314094,0.255319149,0.17481203,0.16860998,0.182486421,0.140241908,0.14893617,0.189994216,0.199185336,0.525904829,0.432900129,5.142857143,0.526109661,0.455784186,0.344651134,0.302114655,0.837209302,0.344739093,0.313084996,0.655348866,0.697885345,0.162790698,0.655260907,0.686915004,0.593432194,0.537783995,0.467532468,0.577088305,0.642884877,0.372423876,0.349713612,0.318584071,0.365920097,0.391314623,0.627576124,0.650286388,0.681415929,0.634079903,0.608685377
15,1,2,0.311,0.946,0.800666667,0.865583333,0.0675904,0.661786333,0.277582222,0.76466741,0.004,0.037,0.086,0.076,0.778,2.905,1.699,3.064,0.055342017,0.404014521,0.170973023,0.369670439,3.041800643,9.791129115,9.25,3.733933162,7.300321543,1.571214393,2.72144572,1.366666667,1.85870004,2.540651046,0.247414479,0.092668709,0.097560976,0.211240836,0.12047726,0.752585521,0.907331291,0.902439024,0.788759164,0.87952274,0.420662563,0.759382898,0.598425197,0.569305091,0.586471684,0.106388438,0.038151611,0.019704433,0.09211461,0.055342017,0.323612418,0.37354735,0.18226601,0.343949799,0.404014521,0.273896063,0.156682147,0.42364532,0.201160313,0.170973023,0.296103082,0.431618893,0.374384236,0.362775278,0.369670439,2.57449089,4.106829109,21.5,2.183804627,3.089389068,0.72023988,0.804183775,0.955555556,0.685910375,0.755464696,0.27976012,0.195816225,0.044444444,0.314089625,0.244535304,0.846370684,0.419443872,2.324324324,0.584853701,0.423185342,0.458396947,0.295498738,0.699186992,0.369026933,0.297350829,0.541603053,0.704501262,0.300813008,0.630973067,0.702649171
15,2,2,0.732166667,0.799444444,0.554333333,0.405421053,0.325029972,0.271093358,0.236192389,0.134871086,0.163,0.062,0.043,0.047,1.998,1.962,1.486,1.622,0.234099811,0.383416376,0.177240148,0.205243665,1.091888611,0.834056491,0.380368098,0.981981982,1.637832916,1.052295202,0.903894396,0.509708738,0.989667049,1.363000389,0.478036926,0.545239476,0.724444444,0.504545455,0.379099068,0.521963074,0.454760524,0.275555556,0.495454545,0.620900932,0.194358509,0.16204318,0.175373134,0.297833272,0.258247284,0.293881676,0.336057079,0.517460317,0.282682513,0.234099811,0.320886054,0.280290588,0.196825397,0.277589134,0.383416376,0.22250181,0.244205553,0.136507937,0.21024335,0.177240148,0.16273046,0.13944678,0.149206349,0.229485003,0.205243665,0.75711359,0.726678796,0.263803681,0.743743744,0.75711359,0.43088483,0.420853489,0.208737864,0.42652124,0.43088483,0.56911517,0.579146511,0.791262136,0.57347876,0.56911517,0.693398193,0.871258487,0.693548387,0.757390418,0.462265462,0.409471438,0.465600286,0.40952381,0.430974478,0.316129645,0.590528562,0.534399714,0.59047619,0.569025522,0.683870355
15,3,2,0.8188,0.726875,0.405333333,0.761230769,0.27022016,0.606156859,0.088522556,0.972167254,0.168,0.005,0.028,0.161,1.878,2.613,0.777,3.849,0.310964263,0.220842353,0.092362614,0.37583077,0.887732047,2.243196286,0.029761905,1.391373802,0.710185638,0.924906056,1.936427932,0.168367347,1.276836158,0.776553672,0.529736199,0.308337798,0.971098266,0.418169673,0.584731843,0.470263801,0.691662202,0.028901734,0.581830327,0.415268157,0.390172997,1.007532058,0.800995025,0.730637813,0.602129601,0.301890788,0.139499658,0.464088398,0.205988812,0.310964263,0.267998127,0.312925115,0.013812155,0.286607437,0.220842353,0.149446018,0.045699278,0.077348066,0.085225403,0.092362614,0.280665067,0.50187595,0.444751381,0.422178348,0.37583077,0.495033382,0.327594194,0.166666667,0.413738019,0.297020029,0.331118615,0.246757779,0.142857143,0.292655367,0.229001883,0.668881385,0.753242221,0.857142857,0.707344633,0.770998117,0.557638292,0.146039023,5.6,0.297359357,0.418228719,0.358002429,0.127429363,0.848484848,0.22920354,0.294895113,0.641997571,0.872570637,0.151515152,0.77079646,0.705104887
15,4,3,0.649923077,0.5725625,0.298076923,0.844529412,0.326617917,0.174325871,0.056169148,0.716137779,0.096,0.049,0.051,0.1,1.806,1.329,0.847,3.676,0.235729033,0.255593996,0.108113387,0.400563585,0.880969641,0.533730276,0.510416667,0.735880399,1.084270328,0.918396016,0.602149446,0.680272109,0.820203543,1.05777345,0.531640691,0.652005125,0.662068966,0.576076555,0.479784214,0.468359309,0.347994875,0.337931034,0.423923445,0.520215786,0.555405918,1.285444534,0.510204082,0.923154194,0.668233651,0.274798232,0.256522862,0.324324324,0.23583181,0.235729033,0.2420889,0.136914018,0.165540541,0.173544006,0.255593996,0.126031856,0.044114759,0.172297297,0.110603291,0.108113387,0.357081011,0.562448362,0.337837838,0.480020893,0.400563585,0.458634158,0.171972035,0.53125,0.468992248,0.458634158,0.314427134,0.14673732,0.346938776,0.319261214,0.314427134,0.685572866,0.85326268,0.653061224,0.680738786,0.685572866,0.520601547,0.322207757,1.040816327,0.637321294,0.422988757,0.342365525,0.243689205,0.51,0.389246324,0.297253759,0.657634475,0.756310795,0.49,0.610753676,0.702746241
16,1,4,0.946,0.311,0.800666667,0.865583333,0.661786333,0.0675904,0.277582222,0.76466741,0.037,0.004,0.086,0.076,2.905,0.778,1.699,3.064,0.404014521,0.055342017,0.170973023,0.369670439,0.328752643,0.102133267,0.108108108,0.267814114,0.136980268,0.636450382,0.367451753,0.731707317,0.538010426,0.393599901,0.752585521,0.907331291,0.902439024,0.788759164,0.87952274,0.247414479,0.092668709,0.097560976,0.211240836,0.12047726,0.420662563,0.759382898,0.598425197,0.569305091,0.586471684,0.323612418,0.37354735,0.18226601,0.343949799,0.404014521,0.106388438,0.038151611,0.019704433,0.09211461,0.055342017,0.273896063,0.156682147,0.42364532,0.201160313,0.170973023,0.296103082,0.431618893,0.374384236,0.362775278,0.369670439,0.846370684,0.419443872,2.324324324,0.584853701,0.423185342,0.458396947,0.295498738,0.699186992,0.369026933,0.297350829,0.541603053,0.704501262,0.300813008,0.630973067,0.702649171,2.57449089,4.106829109,21.5,2.183804627,3.089389068,0.72023988,0.804183775,0.955555556,0.685910375,0.755464696,0.27976012,0.195816225,0.044444444,0.314089625,0.244535304
16,2,4,0.799444444,0.732166667,0.554333333,0.405421053,0.271093358,0.325029972,0.236192389,0.134871086,0.062,0.163,0.043,0.047,1.962,1.998,1.486,1.622,0.383416376,0.234099811,0.177240148,0.205243665,0.915844336,1.198959556,2.629032258,1.018348624,0.610562891,0.950303677,1.10632393,1.961904762,1.010440835,0.733675506,0.521963074,0.454760524,0.275555556,0.495454545,0.620900932,0.478036926,0.545239476,0.724444444,0.504545455,0.379099068,0.194358509,0.16204318,0.175373134,0.297833272,0.258247284,0.320886054,0.280290588,0.196825397,0.277589134,0.383416376,0.293881676,0.336057079,0.517460317,0.282682513,0.234099811,0.22250181,0.244205553,0.136507937,0.21024335,0.177240148,0.16273046,0.13944678,0.149206349,0.229485003,0.205243665,0.693398193,0.871258487,0.693548387,0.757390418,0.462265462,0.409471438,0.465600286,0.40952381,0.430974478,0.316129645,0.590528562,0.534399714,0.59047619,0.569025522,0.683870355,0.75711359,0.726678796,0.263803681,0.743743744,0.75711359,0.43088483,0.420853489,0.208737864,0.42652124,0.43088483,0.56911517,0.579146511,0.791262136,0.57347876,0.56911517
16,3,3,0.726875,0.8188,0.405333333,0.761230769,0.606156859,0.27022016,0.088522556,0.972167254,0.005,0.168,0.028,0.161,2.613,1.878,0.777,3.849,0.220842353,0.310964263,0.092362614,0.37583077,1.126466036,0.445792464,33.6,0.718714122,1.408082545,1.081190888,0.516414778,5.939393939,0.783185841,1.287740997,0.470263801,0.691662202,0.028901734,0.581830327,0.415268157,0.529736199,0.308337798,0.971098266,0.418169673,0.584731843,0.390172997,1.007532058,0.800995025,0.730637813,0.602129601,0.267998127,0.312925115,0.013812155,0.286607437,0.220842353,0.301890788,0.139499658,0.464088398,0.205988812,0.310964263,0.149446018,0.045699278,0.077348066,0.085225403,0.092362614,0.280665067,0.50187595,0.444751381,0.422178348,0.37583077,0.557638292,0.146039023,5.6,0.297359357,0.418228719,0.358002429,0.127429363,0.848484848,0.22920354,0.294895113,0.641997571,0.872570637,0.151515152,0.77079646,0.705104887,0.495033382,0.327594194,0.166666667,0.413738019,0.297020029,0.331118615,0.246757779,0.142857143,0.292655367,0.229001883,0.668881385,0.753242221,0.857142857,0.707344633,0.770998117
16,4,3,0.5725625,0.649923077,0.298076923,0.844529412,0.174325871,0.326617917,0.056169148,0.716137779,0.049,0.096,0.051,0.1,1.329,1.806,0.847,3.676,0.255593996,0.235729033,0.108113387,0.400563585,1.135112895,1.873605536,1.959183673,1.358916479,0.922279227,1.088854898,1.660717298,1.47,1.219209559,0.945382019,0.468359309,0.347994875,0.337931034,0.423923445,0.520215786,0.531640691,0.652005125,0.662068966,0.576076555,0.479784214,0.555405918,1.285444534,0.510204082,0.923154194,0.668233651,0.2420889,0.136914018,0.165540541,0.173544006,0.255593996,0.274798232,0.256522862,0.324324324,0.23583181,0.235729033,0.126031856,0.044114759,0.172297297,0.110603291,0.108113387,0.357081011,0.562448362,0.337837838,0.480020893,0.400563585,0.520601547,0.322207757,1.040816327,0.637321294,0.422988757,0.342365525,0.243689205,0.51,0.389246324,0.297253759,0.657634475,0.756310795,0.49,0.610753676,0.702746241,0.458634158,0.171972035,0.53125,0.468992248,0.458634158,0.314427134,0.14673732,0.346938776,0.319261214,0.314427134,0.685572866,0.85326268,0.653061224,0.680738786,0.685572866
17,1,2,0.963909091,0.7682,0.45,0.405153846,0.68161881,0.43189956,0.061979111,0.060983976,0.052,0.06,0.147,0.108,2.576,2.005,0.97,0.97,0.384138831,0.278313166,0.146728498,0.190819506,0.796963124,0.633637971,1.153846154,0.778338509,0.724511931,0.861582974,0.664174357,1.040201005,0.838973491,0.800655156,0.556494447,0.612130728,0.464285714,0.562322637,0.579874214,0.443505553,0.387869272,0.535714286,0.437677363,0.420125786,0.185670757,0.051879291,0.416988417,0.174743289,0.235818223,0.372559386,0.551256799,0.141689373,0.395031437,0.384138831,0.296916092,0.34929724,0.163487738,0.30746818,0.278313166,0.173928979,0.050125387,0.400544959,0.148750192,0.146728498,0.156595544,0.049320575,0.294277929,0.148750192,0.190819506,0.466849005,0.090929285,2.826923077,0.376552795,0.381967368,0.318266572,0.083350302,0.738693467,0.273547659,0.276393913,0.681733428,0.916649698,0.261306533,0.726452341,0.723606087,0.585784952,0.143503529,2.45,0.483790524,0.527206457,0.369397472,0.12549461,0.710144928,0.32605042,0.345209683,0.630602528,0.87450539,0.289855072,0.67394958,0.654790317
17,2,2,0.930190476,0.365777778,0.3136,0.446285714,0.531868726,0.078278395,0.05229924,0.129639728,0.006,0.058,0.054,0.102,3.143,0.876,0.682,1.677,0.552838626,0.093168053,0.088753042,0.265240278,0.3932289,0.147176157,9.666666667,0.278714604,0.168526671,0.546215613,0.223527552,1.866666667,0.407320261,0.283546537,0.717757147,0.871705704,0.09375,0.782035332,0.855778498,0.282242853,0.128294296,0.90625,0.217964668,0.144221502,0.27727045,0.195698453,0.86440678,0.35673261,0.360989138,0.452459411,0.671478433,0.027272727,0.492787708,0.552838626,0.177920117,0.098825615,0.263636364,0.137347131,0.093168053,0.152540017,0.066027217,0.245454545,0.106930072,0.088753042,0.217080455,0.163668735,0.463636364,0.262935089,0.265240278,0.337135251,0.098331106,9,0.216990137,0.160540596,0.252132498,0.089527744,0.9,0.178300654,0.138332598,0.747867502,0.910472256,0.1,0.821699346,0.861667402,0.857351154,0.66811845,0.931034483,0.778538813,0.952612394,0.461598849,0.400522187,0.482142857,0.437740693,0.487865588,0.538401151,0.599477813,0.517857143,0.562259307,0.512134412
17,3,4,0.885285714,0.391692308,0.663714286,0.493285714,0.385362204,0.114855751,0.202677918,0.154402776,0.01,0.008,0.172,0.065,2.185,1.328,1.748,1.217,0.367949175,0.151169695,0.275857974,0.205023156,0.442447338,0.298046228,0.8,0.60778032,0.410843957,0.681347058,0.539986402,0.989010989,0.782100178,0.663285069,0.693266211,0.770388587,0.555555556,0.621975519,0.708795608,0.306733789,0.229611413,0.444444444,0.378024481,0.291204392,0.25418028,0.219666641,0.342105263,0.231324843,0.257898275,0.363719683,0.449507537,0.039215686,0.337295462,0.367949175,0.160926805,0.133974026,0.031372549,0.205001544,0.151169695,0.27268705,0.236414601,0.674509804,0.269836369,0.275857974,0.202666462,0.180103836,0.254901961,0.187866626,0.205023156,0.749717605,0.525941351,17.2,0.8,0.749717605,0.428479203,0.344666819,0.945054945,0.444444444,0.428479203,0.571520797,0.655333181,0.054945055,0.555555556,0.571520797,1.694478734,1.764630119,21.5,1.31626506,1.824823252,0.628870702,0.63828796,0.955555556,0.568270481,0.645995551,0.371129298,0.36171204,0.044444444,0.431729519,0.354004449
17,4,4,0.890615385,0.992625,0.582166667,0.2872,0.514590391,0.436994984,0.330932472,0.05134296,0.062,0.113,0.033,0.043,2.526,2.261,1.689,0.79,0.394117847,0.270313511,0.237805086,0.097763557,1.114538349,0.849209376,1.822580645,0.895091053,0.685869753,1.069263212,0.908227903,1.536842105,0.9371293,0.804083172,0.472916465,0.540771647,0.354285714,0.527679131,0.593165633,0.527083535,0.459228353,0.645714286,0.472320869,0.406834367,0.11649192,0.04003294,0.206730769,0.121988882,0.108356914,0.323553405,0.385790172,0.247011952,0.347646573,0.394117847,0.360612678,0.327616631,0.450199203,0.311175337,0.270313511,0.211496467,0.248101204,0.131474104,0.232452519,0.237805086,0.10433745,0.038491992,0.171314741,0.108725571,0.097763557,0.653667876,0.643098819,0.532258065,0.668646081,0.603385732,0.395283651,0.391393878,0.347368421,0.400711744,0.376319759,0.604716349,0.608606122,0.652631579,0.599288256,0.623680241,0.586492046,0.757291237,0.292035398,0.747014595,0.879738068,0.369678529,0.430942362,0.226027397,0.427594937,0.468010987,0.630321471,0.569057638,0.773972603,0.572405063,0.531989013
20,1,3,0.78375,0.638928571,0.645461538,0.564066667,0.418412021,0.580073923,0.160432249,0.130119929,0.012,0.012,0.087,0.157,1.859,2.613,1.596,1.432,0.26717232,0.25410488,0.238367138,0.240355662,0.815219868,1.38637012,1,1.405594406,0.951089846,0.898670403,1.27928393,1,1.218234443,0.974151495,0.550897452,0.419046481,0.5,0.415697674,0.51253406,0.449102548,0.580953519,0.5,0.584302326,0.48746594,0.272741031,0.112277061,1.414414414,0.23599209,0.31640552,0.297753963,0.324592434,0.044776119,0.247866667,0.26717232,0.242734947,0.450005251,0.044776119,0.3484,0.25410488,0.245216882,0.124458886,0.324626866,0.2128,0.238367138,0.214294208,0.10094343,0.585820896,0.190933333,0.240355662,0.823555392,0.38343126,7.25,0.858526089,0.892185008,0.451620716,0.277159604,0.878787879,0.461939219,0.471510452,0.548379284,0.722840396,0.121212121,0.538060781,0.528489548,1.010224879,0.276572075,7.25,0.610792193,0.938065959,0.502543218,0.216652142,0.878787879,0.379187455,0.484021689,0.497456782,0.783347858,0.121212121,0.620812545,0.515978311
20,2,3,1.039,0.824,0.46675,0.693153846,0.537483882,0.2887145,0.122611688,0.195475053,0.197,0.077,0.067,0.202,2.697,1.61,1.127,1.803,0.454447217,0.169604034,0.144106826,0.231841922,0.79307026,0.537159363,0.390862944,0.596959585,0.373209534,0.857214013,0.623131265,0.545454545,0.715742678,0.524114512,0.55770263,0.650550635,0.718978102,0.626189923,0.728220985,0.44229737,0.349449365,0.281021898,0.373810077,0.271779015,0.297522844,0.206021268,0.592375367,0.331799779,0.30181538,0.343709245,0.469711501,0.362799263,0.372668233,0.454447217,0.272585581,0.252309931,0.141804788,0.222467873,0.169604034,0.154404514,0.107151343,0.123388582,0.155727511,0.144106826,0.22930066,0.170827226,0.372007366,0.249136382,0.231841922,0.449230029,0.228121608,0.340101523,0.417871709,0.31710355,0.309978416,0.185748387,0.253787879,0.294717573,0.240758253,0.690021584,0.814251613,0.746212121,0.705282427,0.759241747,0.566444175,0.424681433,0.87012987,0.7,0.849666262,0.361611466,0.298088698,0.465277778,0.411764706,0.459361929,0.638388534,0.701911302,0.534722222,0.588235294,0.540638071
20,3,4,1.505071429,0.652,0.70425,0.553,1.467520495,0.502703,0.125736688,0.17849675,0.06,0.022,0.337,0.13,4.605,2.125,1.145,2.025,0.574956341,0.106745252,0.076866405,0.241432002,0.433202031,0.342552627,0.366666667,0.46145494,0.185658013,0.613876271,0.394437065,0.904282116,0.568695652,0.281689551,0.697738336,0.744849759,0.731707317,0.684249629,0.843413521,0.302261664,0.255150241,0.268292683,0.315750371,0.156586479,0.193267347,0.085162281,0.31026253,0.257142857,0.318273381,0.440811289,0.645217974,0.109289617,0.465151515,0.574956341,0.190960346,0.221021112,0.04007286,0.214646465,0.106745252,0.206263533,0.05528207,0.613843352,0.115656566,0.076866405,0.161964833,0.078478844,0.236794171,0.204545455,0.241432002,0.467917992,0.085679681,5.616666667,0.24864278,0.133690855,0.318763033,0.078918011,0.848866499,0.199130435,0.117925318,0.681236967,0.921081989,0.151133501,0.800869565,0.882074682,1.080138037,0.25012122,15.31818182,0.538823529,0.720092025,0.519262673,0.200077573,0.938718663,0.350152905,0.418635756,0.480737327,0.799922427,0.061281337,0.649847095,0.581364244
20,4,3,0.970928571,0.680375,0.817333333,0.677789474,1.268570066,0.140408234,0.007561556,0.245231324,0.001,0.053,0.711,0.017,4.338,1.303,0.924,1.895,0.395536286,0.158383286,0.07134959,0.374730839,0.700746708,0.110682286,53,0.300368834,0.40042669,0.837521802,0.115951825,1.073033708,0.423223109,0.492053599,0.587977031,0.900347483,0.018518519,0.769012586,0.714068082,0.412022969,0.099652517,0.981481481,0.230987414,0.285931918,0.274560213,0.173119961,0.022222222,0.288651942,0.599311243,0.308581373,0.763384322,0.001278772,0.512765957,0.395536286,0.216237381,0.084493122,0.067774936,0.154018913,0.158383286,0.259765599,0.004550299,0.909207161,0.109219858,0.07134959,0.215415647,0.147572257,0.02173913,0.223995272,0.374730839,0.841805831,0.005960692,711,0.213001383,0.180386964,0.457054602,0.005925373,0.998595506,0.175598632,0.152820193,0.542945398,0.994074627,0.001404494,0.824401368,0.847179807,1.201298304,0.053854075,13.41509434,0.709132771,0.450486864,0.545722632,0.051102023,0.930628272,0.414907948,0.310576314,0.454277368,0.948897977,0.069371728,0.585092052,0.689423686
21,1,2,0.766,0.544666667,0.5506875,0.5695,0.5695145,0.481799365,0.33382359,0.132163583,0.01,0.003,0.028,0.153,2.269,2.997,2.405,1.543,0.231583191,0.288168901,0.221984279,0.25826363,0.71105309,0.845982613,0.3,1.320846188,1.244342907,0.831901394,0.902898886,0.815789474,1.155755242,1.124756985,0.584435402,0.541716911,0.769230769,0.430877326,0.445564712,0.415564598,0.458283089,0.230769231,0.569122674,0.554435288,0.305960043,0.0954155,3.731707317,0.201147178,0.348187901,0.315115572,0.375347071,0.051546392,0.246255698,0.231583191,0.224063901,0.317537096,0.015463918,0.3252659,0.288168901,0.226540739,0.220011442,0.144329897,0.261015845,0.221984279,0.234279788,0.087104391,0.788659794,0.167462557,0.25826363,0.718913185,0.586154681,2.8,1.059938299,0.958550914,0.418237053,0.369544464,0.736842105,0.514548567,0.48941843,0.581762947,0.630455536,0.263157895,0.485451433,0.51058157,1.011054162,0.692868472,9.333333333,0.802469136,0.77032698,0.50274835,0.409286654,0.903225806,0.445205479,0.435132599,0.49725165,0.590713346,0.096774194,0.554794521,0.564867401
21,2,3,1.026333333,1.179125,0.963333333,2.266,0.255828222,3.380435859,0.808612889,2.80916725,0.28,0.245,0.121,0.223,1.897,5.985,2.887,5.055,0.155902681,0.238816173,0.146332819,0.458948328,1.148871387,13.21369406,0.875,3.15498155,1.531828516,1.076792595,3.935444342,0.912718204,1.85451505,1.274334059,0.465360564,0.070354687,0.533333333,0.240674956,0.394971458,0.534639436,0.929645313,0.466666667,0.759325044,0.605028542,0.715099078,0.632001126,0.345201238,0.469402916,0.848252305,0.188845019,0.035266979,0.322209436,0.119881193,0.155902681,0.216958638,0.466007065,0.281933257,0.378222952,0.238816173,0.177253038,0.111470631,0.139240506,0.182444388,0.146332819,0.416943305,0.387255325,0.256616801,0.319451466,0.458948328,0.938616434,3.160764992,0.432142857,1.521876647,0.938616434,0.484168202,0.759659581,0.301745636,0.6034699,0.484168202,0.515831798,0.240340419,0.698254364,0.3965301,0.515831798,0.81699,0.239203737,0.493877551,0.482372598,0.6127425,0.449639238,0.193030193,0.330601093,0.325405771,0.379938211,0.550360762,0.806969807,0.669398907,0.674594229,0.620061789
21,3,3,0.502866667,0.613444444,0.717363636,0.559,0.125856382,0.237808914,0.614993868,0.40212887,0.025,0.05,0.063,0.008,1.202,1.732,2.348,2.091,0.191772812,0.280731193,0.200620344,0.326875651,1.219894825,1.889526056,2,1.44093178,1.46387379,1.090620416,1.151113577,1.284090909,1.149295775,1.22670727,0.450471792,0.346077516,0.333333333,0.409679618,0.405864945,0.549528208,0.653922484,0.666666667,0.590320382,0.594135055,0.30485232,0.410897772,0.057971014,0.395872775,0.485609609,0.210169254,0.091148228,0.171232877,0.163027262,0.191772812,0.256384385,0.172226951,0.342465753,0.234911162,0.280731193,0.299816612,0.445393393,0.431506849,0.318459243,0.200620344,0.233629749,0.291231427,0.054794521,0.283602333,0.326875651,1.426548395,4.88647343,2.52,1.953410982,1.04613549,0.587892003,0.830118999,0.715909091,0.661408451,0.511273811,0.412107997,0.169881001,0.284090909,0.338591549,0.488726189,1.169402776,2.586084174,1.26,1.355658199,0.71463503,0.539043643,0.721144303,0.557522124,0.575490196,0.416785507,0.460956357,0.278855697,0.442477876,0.424509804,0.583214493
21,4,3,0.673882353,0.833363636,0.821714286,0.618090909,0.361899751,0.291387322,0.443043633,0.503903174,0.114,0.135,0.112,0.006,2.587,1.712,2.272,2.665,0.286593451,0.229329798,0.143897131,0.340179621,1.236660424,0.805160329,1.184210526,0.66177039,0.800192039,1.106633887,0.91240076,1.092920354,0.819921795,0.866980474,0.447095138,0.553967415,0.457831325,0.601767853,0.555496291,0.552904862,0.446032585,0.542168675,0.398232147,0.444503709,0.265393496,0.459626982,0.016620499,0.405569928,0.515563981,0.228663267,0.226154286,0.310626703,0.28009961,0.286593451,0.282778813,0.182090459,0.367847411,0.185361628,0.229329798,0.27882593,0.2768618,0.305177112,0.245993937,0.143897131,0.20973199,0.314893454,0.016348774,0.288544825,0.340179621,1.219373504,1.224216462,0.98245614,0.878237341,0.502094972,0.549422394,0.550403472,0.495575221,0.467585923,0.334263133,0.450577606,0.449596528,0.504424779,0.532414077,0.665736867,0.986021288,1.520462967,0.82962963,1.327102804,0.627468092,0.496480724,0.603247493,0.453441296,0.570281124,0.385548629,0.503519276,0.396752507,0.546558704,0.429718876,0.614451371
22,1,3,0.544666667,0.766,0.5506875,0.5695,0.481799365,0.5695145,0.33382359,0.132163583,0.003,0.01,0.028,0.153,2.997,2.269,2.405,1.543,0.288168901,0.231583191,0.221984279,0.25826363,1.406364749,1.18205739,3.333333333,0.757090424,0.803636999,1.202065542,1.10754373,1.225806452,0.865235098,0.889080942,0.415564598,0.458283089,0.230769231,0.569122674,0.554435288,0.584435402,0.541716911,0.769230769,0.430877326,0.445564712,0.305960043,0.0954155,3.731707317,0.201147178,0.348187901,0.224063901,0.317537096,0.015463918,0.3252659,0.288168901,0.315115572,0.375347071,0.051546392,0.246255698,0.231583191,0.226540739,0.220011442,0.144329897,0.261015845,0.221984279,0.234279788,0.087104391,0.788659794,0.167462557,0.25826363,1.011054162,0.692868472,9.333333333,0.802469136,0.77032698,0.50274835,0.409286654,0.903225806,0.445205479,0.435132599,0.49725165,0.590713346,0.096774194,0.554794521,0.564867401,0.718913185,0.586154681,2.8,1.059938299,0.958550914,0.418237053,0.369544464,0.736842105,0.514548567,0.48941843,0.581762947,0.630455536,0.263157895,0.485451433,0.51058157
22,2,2,1.179125,1.026333333,0.963333333,2.266,3.380435859,0.255828222,0.808612889,2.80916725,0.245,0.28,0.121,0.223,5.985,1.897,2.887,5.055,0.238816173,0.155902681,0.146332819,0.458948328,0.870419449,0.075679064,1.142857143,0.316959064,0.652814587,0.92868395,0.254100913,1.095628415,0.539224527,0.784723592,0.534639436,0.929645313,0.466666667,0.759325044,0.605028542,0.465360564,0.070354687,0.533333333,0.240674956,0.394971458,0.715099078,0.632001126,0.345201238,0.469402916,0.848252305,0.216958638,0.466007065,0.281933257,0.378222952,0.238816173,0.188845019,0.035266979,0.322209436,0.119881193,0.155902681,0.177253038,0.111470631,0.139240506,0.182444388,0.146332819,0.416943305,0.387255325,0.256616801,0.319451466,0.458948328,0.81699,0.239203737,0.493877551,0.482372598,0.6127425,0.449639238,0.193030193,0.330601093,0.325405771,0.379938211,0.550360762,0.806969807,0.669398907,0.674594229,0.620061789,0.938616434,3.160764992,0.432142857,1.521876647,0.938616434,0.484168202,0.759659581,0.301745636,0.6034699,0.484168202,0.515831798,0.240340419,0.698254364,0.3965301,0.515831798
22,3,2,0.613444444,0.502866667,0.717363636,0.559,0.237808914,0.125856382,0.614993868,0.40212887,0.05,0.025,0.063,0.008,1.732,1.202,2.348,2.091,0.280731193,0.191772812,0.200620344,0.326875651,0.8197428,0.529233242,0.5,0.693995381,0.683119,0.916909298,0.868724008,0.778761062,0.870098039,0.815190408,0.549528208,0.653922484,0.666666667,0.590320382,0.594135055,0.450471792,0.346077516,0.333333333,0.409679618,0.405864945,0.30485232,0.410897772,0.057971014,0.395872775,0.485609609,0.256384385,0.172226951,0.342465753,0.234911162,0.280731193,0.210169254,0.091148228,0.171232877,0.163027262,0.191772812,0.299816612,0.445393393,0.431506849,0.318459243,0.200620344,0.233629749,0.291231427,0.054794521,0.283602333,0.326875651,1.169402776,2.586084174,1.26,1.355658199,0.71463503,0.539043643,0.721144303,0.557522124,0.575490196,0.416785507,0.460956357,0.278855697,0.442477876,0.424509804,0.583214493,1.426548395,4.88647343,2.52,1.953410982,1.04613549,0.587892003,0.830118999,0.715909091,0.661408451,0.511273811,0.412107997,0.169881001,0.284090909,0.338591549,0.488726189
22,4,2,0.833363636,0.673882353,0.821714286,0.618090909,0.291387322,0.361899751,0.443043633,0.503903174,0.135,0.114,0.112,0.006,1.712,2.587,2.272,2.665,0.229329798,0.286593451,0.143897131,0.340179621,0.808629419,1.241988663,0.844444444,1.511098131,1.249700011,0.903641224,1.096009609,0.914979757,1.219628514,1.153428514,0.552904862,0.446032585,0.542168675,0.398232147,0.444503709,0.447095138,0.553967415,0.457831325,0.601767853,0.555496291,0.265393496,0.459626982,0.016620499,0.405569928,0.515563981,0.282778813,0.182090459,0.367847411,0.185361628,0.229329798,0.228663267,0.226154286,0.310626703,0.28009961,0.286593451,0.27882593,0.2768618,0.305177112,0.245993937,0.143897131,0.20973199,0.314893454,0.016348774,0.288544825,0.340179621,0.986021288,1.520462967,0.82962963,1.327102804,0.627468092,0.496480724,0.603247493,0.453441296,0.570281124,0.385548629,0.503519276,0.396752507,0.546558704,0.429718876,0.614451371,1.219373504,1.224216462,0.98245614,0.878237341,0.502094972,0.549422394,0.550403472,0.495575221,0.467585923,0.334263133,0.450577606,0.449596528,0.504424779,0.532414077,0.665736867
23,1,2,0.7106,1.0185,0.31175,1.952153846,0.78333564,0.535181917,0.026296187,3.141705822,0.157,0.038,0.19,0.477,3.19,2.04,0.588,6.06,0.1783545,0.153380854,0.03129863,0.636966016,1.433295806,0.683208946,0.242038217,0.639498433,0.859977484,1.301168876,0.693498063,0.657060519,0.695606141,0.880881121,0.410965242,0.594103306,0.805128205,0.609942639,0.537640917,0.589034758,0.405896694,0.194871795,0.390057361,0.462359083,0.956539602,2.336164273,1.238961039,1.04159505,1.754563053,0.177961261,0.17459762,0.182134571,0.268563731,0.1783545,0.255071129,0.119286656,0.044083527,0.171746085,0.153380854,0.078074055,0.005861155,0.220417633,0.049503283,0.03129863,0.488893555,0.700254568,0.553364269,0.5101869,0.636966016,0.438713763,0.033569502,1.210191083,0.184326019,0.175485505,0.304934709,0.032479192,0.547550432,0.155637904,0.149287681,0.695065291,0.967520808,0.452449568,0.844362096,0.850712319,0.306087383,0.049135045,5,0.288235294,0.204058256,0.234354445,0.046833861,0.833333333,0.223744292,0.169475401,0.765645555,0.953166139,0.166666667,0.776255708,0.830524599
23,2,4,0.547181818,0.858666667,0.058,1.27265,0.138209785,0.267627333,0,1.912209727,0.04,0.115,0.058,0.132,1.155,1.691,0.058,5.128,0.153319069,0.196851597,0.001477406,0.648351928,1.569252921,1.936384845,2.875,1.464069264,1.283934208,1.51469631,1.936384845,1.765306122,1.441879637,1.281224288,0.389218201,0.340554816,0.258064516,0.405832748,0.437840983,0.610781799,0.659445184,0.741935484,0.594167252,0.562159017,0.869386424,4.711766471,0.61971831,1.76584022,1.843752264,0.199956923,0.059623379,0.115942029,0.143799801,0.153319069,0.313782986,0.115453807,0.333333333,0.210532869,0.196851597,0.021194969,0,0.168115942,0.007221116,0.001477406,0.465065121,0.824922814,0.382608696,0.638446215,0.648351928,0.105997674,0,1.45,0.05021645,0.009636152,0.095838967,0,0.591836735,0.047815334,0.009544183,0.904161033,1,0.408163265,0.952184666,0.990455817,0.067546584,0,0.504347826,0.034299231,0.007505176,0.063272727,0,0.335260116,0.033161807,0.007449268,0.936727273,1,0.664739884,0.966838193,0.992550732
23,3,4,0.565421053,0.391909091,0.501714286,0.71332,0.17333677,0.053613719,0.056931918,1.130720218,0.008,0.147,0.148,0.04,1.38,0.932,0.807,3.791,0.295145471,0.11843732,0.096486167,0.489931042,0.693127872,0.309303785,18.375,0.675362319,0.401284557,0.837403977,0.48007238,1.891025641,0.795153178,0.548789898,0.590622845,0.763764691,0.051612903,0.596885813,0.713630929,0.409377155,0.236235309,0.948387097,0.403114187,0.286369071,0.488895325,3.983058435,0.132013201,1.215453671,0.960519229,0.260279097,0.122533895,0.023323615,0.199710564,0.295145471,0.180406697,0.037900198,0.428571429,0.13487699,0.11843732,0.230953094,0.040245874,0.43148688,0.116787265,0.096486167,0.328361112,0.799320033,0.116618076,0.548625181,0.489931042,0.887328626,0.328446863,18.5,0.584782609,0.326910546,0.470150568,0.24724125,0.948717949,0.368998628,0.246369695,0.529849432,0.75275875,0.051282051,0.631001372,0.753630305,1.28018027,1.061890863,1.006802721,0.865879828,0.814660172,0.561438184,0.515008278,0.501694915,0.464059804,0.448932635,0.438561816,0.484991722,0.498305085,0.535940196,0.551067365
23,4,3,0.5875,0.756153846,0.45675,1.313388889,0.07870875,0.139864592,0.045446187,3.816206238,0.105,0.346,0.147,0.154,1.105,1.567,0.688,7.905,0.117505875,0.245762288,0.045677284,0.591054553,1.287070376,1.776989111,3.295238095,1.418099548,2.091489362,1.161507155,1.492576799,1.956349206,1.257668712,1.785965987,0.43724059,0.36010224,0.232815965,0.413547904,0.323468685,0.56275941,0.63989776,0.767184035,0.586452096,0.676531315,0.729496825,14.45425741,0.257525084,2.352678571,1.445313933,0.188676656,0.019290293,0.13962766,0.098091434,0.117505875,0.242840134,0.03427864,0.460106383,0.139103418,0.245762288,0.146686064,0.011138155,0.195478723,0.061074123,0.045677284,0.421797146,0.935292912,0.204787234,0.701731025,0.591054553,0.777446809,0.57739689,1.4,0.622624434,0.388723404,0.43739526,0.366044141,0.583333333,0.383714445,0.279914203,0.56260474,0.633955859,0.416666667,0.616285555,0.720085797,0.604043744,0.324929898,0.424855491,0.43905552,0.185859613,0.376575605,0.245243087,0.298174442,0.305099778,0.156729862,0.623424395,0.754756913,0.701825558,0.694900222,0.843270138
24,1,2,1.0185,0.7106,0.31175,1.952153846,0.535181917,0.78333564,0.026296187,3.141705822,0.038,0.157,0.19,0.477,2.04,3.19,0.588,6.06,0.153380854,0.1783545,0.03129863,0.636966016,0.697692685,1.463681069,4.131578947,1.56372549,1.162821142,0.768539748,1.441965094,1.521929825,1.437595129,1.135226964,0.589034758,0.405896694,0.194871795,0.390057361,0.462359083,0.410965242,0.594103306,0.805128205,0.609942639,0.537640917,0.956539602,2.336164273,1.238961039,1.04159505,1.754563053,0.255071129,0.119286656,0.044083527,0.171746085,0.153380854,0.177961261,0.17459762,0.182134571,0.268563731,0.1783545,0.078074055,0.005861155,0.220417633,0.049503283,0.03129863,0.488893555,0.700254568,0.553364269,0.5101869,0.636966016,0.306087383,0.049135045,5,0.288235294,0.204058256,0.234354445,0.046833861,0.833333333,0.223744292,0.169475401,0.765645555,0.953166139,0.166666667,0.776255708,0.830524599,0.438713763,0.033569502,1.210191083,0.184326019,0.175485505,0.304934709,0.032479192,0.547550432,0.155637904,0.149287681,0.695065291,0.967520808,0.452449568,0.844362096,0.850712319
24,2,2,0.858666667,0.547181818,0.058,1.27265,0.267627333,0.138209785,0,1.912209727,0.115,0.04,0.058,0.132,1.691,1.155,0.058,5.128,0.196851597,0.153319069,0.001477406,0.648351928,0.637245906,0.516426269,0.347826087,0.683027794,0.778856108,0.660198347,0.516426269,0.566473988,0.693539165,0.780503468,0.610781799,0.659445184,0.741935484,0.594167252,0.562159017,0.389218201,0.340554816,0.258064516,0.405832748,0.437840983,0.869386424,4.711766471,0.61971831,1.76584022,1.843752264,0.313782986,0.115453807,0.333333333,0.210532869,0.196851597,0.199956923,0.059623379,0.115942029,0.143799801,0.153319069,0.021194969,0,0.168115942,0.007221116,0.001477406,0.465065121,0.824922814,0.382608696,0.638446215,0.648351928,0.067546584,0,0.504347826,0.034299231,0.007505176,0.063272727,0,0.335260116,0.033161807,0.007449268,0.936727273,1,0.664739884,0.966838193,0.992550732,0.105997674,0,1.45,0.05021645,0.009636152,0.095838967,0,0.591836735,0.047815334,0.009544183,0.904161033,1,0.408163265,0.952184666,0.990455817
24,3,4,0.391909091,0.565421053,0.501714286,0.71332,0.053613719,0.17333677,0.056931918,1.130720218,0.147,0.008,0.148,0.04,0.932,1.38,0.807,3.791,0.11843732,0.295145471,0.096486167,0.489931042,1.442735231,3.233067455,0.054421769,1.480686695,2.491997216,1.194166767,2.08301923,0.528813559,1.257619321,1.822190975,0.409377155,0.236235309,0.948387097,0.403114187,0.286369071,0.590622845,0.763764691,0.051612903,0.596885813,0.713630929,0.488895325,3.983058435,0.132013201,1.215453671,0.960519229,0.180406697,0.037900198,0.428571429,0.13487699,0.11843732,0.260279097,0.122533895,0.023323615,0.199710564,0.295145471,0.230953094,0.040245874,0.43148688,0.116787265,0.096486167,0.328361112,0.799320033,0.116618076,0.548625181,0.489931042,1.28018027,1.061890863,1.006802721,0.865879828,0.814660172,0.561438184,0.515008278,0.501694915,0.464059804,0.448932635,0.438561816,0.484991722,0.498305085,0.535940196,0.551067365,0.887328626,0.328446863,18.5,0.584782609,0.326910546,0.470150568,0.24724125,0.948717949,0.368998628,0.246369695,0.529849432,0.75275875,0.051282051,0.631001372,0.753630305
24,4,3,0.756153846,0.5875,0.45675,1.313388889,0.139864592,0.07870875,0.045446187,3.816206238,0.346,0.105,0.147,0.154,1.567,1.105,0.688,7.905,0.245762288,0.117505875,0.045677284,0.591054553,0.776958291,0.56274965,0.303468208,0.705169113,0.478128179,0.860950358,0.669982275,0.511156187,0.795121951,0.559921077,0.56275941,0.63989776,0.767184035,0.586452096,0.676531315,0.43724059,0.36010224,0.232815965,0.413547904,0.323468685,0.729496825,14.45425741,0.257525084,2.352678571,1.445313933,0.242840134,0.03427864,0.460106383,0.139103418,0.245762288,0.188676656,0.019290293,0.13962766,0.098091434,0.117505875,0.146686064,0.011138155,0.195478723,0.061074123,0.045677284,0.421797146,0.935292912,0.204787234,0.701731025,0.591054553,0.604043744,0.324929898,0.424855491,0.43905552,0.185859613,0.376575605,0.245243087,0.298174442,0.305099778,0.156729862,0.623424395,0.754756913,0.701825558,0.694900222,0.843270138,0.777446809,0.57739689,1.4,0.622624434,0.388723404,0.43739526,0.366044141,0.583333333,0.383714445,0.279914203,0.56260474,0.633955859,0.416666667,0.616285555,0.720085797
25,1,2,0.542909091,0.3805,0.378818182,0.654647059,0.145267355,0.11962275,0.060220694,0.469395052,0.01,0.063,0.095,0.093,1.357,1.348,0.8,2.157,0.21830677,0.222547156,0.152324901,0.406821173,0.700853985,0.823466151,6.3,0.993367723,1.019423979,0.823799191,0.875201476,1.504761905,0.995827538,1.011440971,0.587939946,0.548406122,0.136986301,0.501663586,0.495190713,0.412060054,0.451593878,0.863013699,0.498336414,0.504809287,0.502713368,1.443800244,0.553571429,0.615406562,0.685832255,0.277436871,0.182839881,0.038314176,0.239667962,0.21830677,0.194442736,0.150562453,0.24137931,0.238078418,0.222547156,0.193583295,0.075796414,0.363984674,0.141292829,0.152324901,0.334537097,0.590801252,0.356321839,0.380960791,0.406821173,0.697756196,0.414550771,9.5,0.589535741,0.697756196,0.410987277,0.293061783,0.904761905,0.370885489,0.410987277,0.589012723,0.706938217,0.095238095,0.629114511,0.589012723,0.995579978,0.503421751,1.507936508,0.59347181,0.684461235,0.498892547,0.33485065,0.601265823,0.372439479,0.406338372,0.501107453,0.66514935,0.398734177,0.627560521,0.593661628
25,2,2,0.711047619,0.7065,0.3869,0.52825,0.240507188,0.561415417,0.06110089,0.297273771,0.013,0.012,0.115,0.02,1.897,2.49,0.838,2.348,0.373701729,0.212178091,0.096829091,0.317291088,0.99360434,2.334297868,0.923076923,1.31259884,0.567773908,0.995858073,2.063990827,0.9921875,1.216819013,0.656720387,0.501604045,0.299913217,0.52,0.43241395,0.637847074,0.498395955,0.700086783,0.48,0.56758605,0.362152926,0.292748869,0.344456174,0.142857143,0.44937799,0.464753107,0.304817741,0.207280664,0.08125,0.25049518,0.373701729,0.30286823,0.483854813,0.075,0.328799683,0.212178091,0.165859474,0.052659686,0.71875,0.110656279,0.096829091,0.226454554,0.256204836,0.125,0.310048858,0.317291088,0.544126708,0.254050161,8.846153846,0.441750132,0.259107956,0.352384753,0.202583732,0.8984375,0.306398537,0.205786926,0.647615247,0.797416268,0.1015625,0.693601463,0.794213074,0.547629158,0.108833652,9.583333333,0.336546185,0.456357632,0.353850375,0.098151469,0.905511811,0.251802885,0.313355471,0.646149625,0.901848531,0.094488189,0.748197115,0.686644529
25,3,2,0.792,0.863769231,0.1575,0.5763,0.204092,0.254869562,0.01423325,0.34844741,0.148,0.302,0.022,0.018,1.503,2.008,0.305,2.485,0.252994729,0.358696694,0.020124581,0.368183996,1.090617716,1.248797416,2.040540541,1.335994677,1.41780303,1.075586341,1.232577598,1.905882353,1.279314159,1.387017544,0.478327526,0.444682119,0.328888889,0.428083167,0.413598621,0.521672474,0.555317881,0.671111111,0.571916833,0.586401379,0.317823735,0.736372,0.038135593,0.651205451,0.582739269,0.331440491,0.248395219,0.302040816,0.238533566,0.252994729,0.361474872,0.310195308,0.616326531,0.318679575,0.358696694,0.065911461,0.017322929,0.044897959,0.048405015,0.020124581,0.241173176,0.424086544,0.036734694,0.394381844,0.368183996,0.198863636,0.069739382,0.148648649,0.202927478,0.079545455,0.165876777,0.065192872,0.129411765,0.16869469,0.073684211,0.834123223,0.934807128,0.870588235,0.83130531,0.926315789,0.182340369,0.055845233,0.072847682,0.15189243,0.056104729,0.154219862,0.052891495,0.067901235,0.131863381,0.053124209,0.845780138,0.947108505,0.932098765,0.868136619,0.946875791
25,4,2,0.708909091,0.4512,0.4442,0.951,0.305342446,0.45521616,0.03892256,0.379398,0.174,0.055,0.28,0.185,1.875,1.788,0.816,1.82,0.316502963,0.091565874,0.090145304,0.501785859,0.63647089,1.490838125,0.316091954,0.9536,0.28930495,0.776509358,1.435344026,0.737885463,0.967670011,0.446850983,0.611071059,0.401471292,0.759825328,0.511875512,0.775611697,0.388928941,0.598528708,0.240174672,0.488124488,0.224388303,0.59277854,0.474555269,0.36345776,0.406340701,1.007169043,0.277425965,0.259010809,0.250720461,0.297666296,0.316502963,0.176573551,0.386143188,0.07925072,0.28385458,0.091565874,0.173834156,0.033016581,0.403458213,0.129544372,0.090145304,0.372166328,0.321829421,0.266570605,0.288934752,0.501785859,0.626596563,0.127471829,1.609195402,0.4352,0.28481662,0.385219407,0.113059879,0.616740088,0.303232999,0.22167881,0.614780593,0.886940121,0.383259912,0.696767001,0.77832119,0.984485816,0.085503467,5.090909091,0.456375839,0.984485816,0.496091132,0.078768488,0.835820896,0.313364055,0.496091132,0.503908868,0.921231512,0.164179104,0.686635945,0.503908868
26,1,2,0.3805,0.542909091,0.378818182,0.654647059,0.11962275,0.145267355,0.060220694,0.469395052,0.063,0.01,0.095,0.093,1.348,1.357,0.8,2.157,0.222547156,0.21830677,0.152324901,0.406821173,1.426830725,1.214378999,0.158730159,1.006676558,0.980946124,1.213888057,1.142594052,0.664556962,1.004189944,0.988688445,0.412060054,0.451593878,0.863013699,0.498336414,0.504809287,0.587939946,0.548406122,0.136986301,0.501663586,0.495190713,0.502713368,1.443800244,0.553571429,0.615406562,0.685832255,0.194442736,0.150562453,0.24137931,0.238078418,0.222547156,0.277436871,0.182839881,0.038314176,0.239667962,0.21830677,0.193583295,0.075796414,0.363984674,0.141292829,0.152324901,0.334537097,0.590801252,0.356321839,0.380960791,0.406821173,0.995579978,0.503421751,1.507936508,0.59347181,0.684461235,0.498892547,0.33485065,0.601265823,0.372439479,0.406338372,0.501107453,0.66514935,0.398734177,0.627560521,0.593661628,0.697756196,0.414550771,9.5,0.589535741,0.697756196,0.410987277,0.293061783,0.904761905,0.370885489,0.410987277,0.589012723,0.706938217,0.095238095,0.629114511,0.589012723
26,2,3,0.7065,0.711047619,0.3869,0.52825,0.561415417,0.240507188,0.06110089,0.297273771,0.012,0.013,0.115,0.02,2.49,1.897,0.838,2.348,0.212178091,0.373701729,0.096829091,0.317291088,1.006436828,0.428394342,1.083333333,0.76184739,1.761264449,1.004159154,0.484498277,1.007874016,0.821814904,1.522718069,0.498395955,0.700086783,0.48,0.56758605,0.362152926,0.501604045,0.299913217,0.52,0.43241395,0.637847074,0.292748869,0.344456174,0.142857143,0.44937799,0.464753107,0.30286823,0.483854813,0.075,0.328799683,0.212178091,0.304817741,0.207280664,0.08125,0.25049518,0.373701729,0.165859474,0.052659686,0.71875,0.110656279,0.096829091,0.226454554,0.256204836,0.125,0.310048858,0.317291088,0.547629158,0.108833652,9.583333333,0.336546185,0.456357632,0.353850375,0.098151469,0.905511811,0.251802885,0.313355471,0.646149625,0.901848531,0.094488189,0.748197115,0.686644529,0.544126708,0.254050161,8.846153846,0.441750132,0.259107956,0.352384753,0.202583732,0.8984375,0.306398537,0.205786926,0.647615247,0.797416268,0.1015625,0.693601463,0.794213074
26,3,2,0.863769231,0.792,0.1575,0.5763,0.254869562,0.204092,0.01423325,0.34844741,0.302,0.148,0.022,0.018,2.008,1.503,0.305,2.485,0.358696694,0.252994729,0.020124581,0.368183996,0.916911568,0.800770395,0.490066225,0.748505976,0.705316591,0.929725455,0.811307947,0.524691358,0.781668828,0.720971414,0.521672474,0.555317881,0.671111111,0.571916833,0.586401379,0.478327526,0.444682119,0.328888889,0.428083167,0.413598621,0.317823735,0.736372,0.038135593,0.651205451,0.582739269,0.361474872,0.310195308,0.616326531,0.318679575,0.358696694,0.331440491,0.248395219,0.302040816,0.238533566,0.252994729,0.065911461,0.017322929,0.044897959,0.048405015,0.020124581,0.241173176,0.424086544,0.036734694,0.394381844,0.368183996,0.182340369,0.055845233,0.072847682,0.15189243,0.056104729,0.154219862,0.052891495,0.067901235,0.131863381,0.053124209,0.845780138,0.947108505,0.932098765,0.868136619,0.946875791,0.198863636,0.069739382,0.148648649,0.202927478,0.079545455,0.165876777,0.065192872,0.129411765,0.16869469,0.073684211,0.834123223,0.934807128,0.870588235,0.83130531,0.926315789
26,4,4,0.4512,0.708909091,0.4442,0.951,0.45521616,0.305342446,0.03892256,0.379398,0.055,0.174,0.28,0.185,1.788,1.875,0.816,1.82,0.091565874,0.316502963,0.090145304,0.501785859,1.571163765,0.670763635,3.163636364,1.048657718,3.456560284,1.287814486,0.696697086,1.355223881,1.033410138,2.237882511,0.388928941,0.598528708,0.240174672,0.488124488,0.224388303,0.611071059,0.401471292,0.759825328,0.511875512,0.775611697,0.59277854,0.474555269,0.36345776,0.406340701,1.007169043,0.176573551,0.386143188,0.07925072,0.28385458,0.091565874,0.277425965,0.259010809,0.250720461,0.297666296,0.316502963,0.173834156,0.033016581,0.403458213,0.129544372,0.090145304,0.372166328,0.321829421,0.266570605,0.288934752,0.501785859,0.984485816,0.085503467,5.090909091,0.456375839,0.984485816,0.496091132,0.078768488,0.835820896,0.313364055,0.496091132,0.503908868,0.921231512,0.164179104,0.686635945,0.503908868,0.626596563,0.127471829,1.609195402,0.4352,0.28481662,0.385219407,0.113059879,0.616740088,0.303232999,0.22167881,0.614780593,0.886940121,0.383259912,0.696767001,0.77832119
27,1,4,0.604444444,0.334111111,0.309,0.8611,0.205998691,0.03470121,0.070640571,1.02521049,0.008,0.071,0.068,0.093,1.42,0.794,0.815,4.922,0.176400013,0.195012808,0.070138461,0.558448718,0.552757353,0.168453545,8.875,0.55915493,1.105514706,0.704050602,0.380791144,1.828947368,0.719910515,1.075496515,0.644015627,0.855832056,0.101265823,0.64137308,0.474943251,0.355984373,0.144167944,0.898734177,0.35862692,0.525056749,0.690229783,3.292891802,0.632653061,1.624958732,1.264742601,0.286649208,0.154127076,0.033333333,0.178593888,0.176400013,0.158447457,0.025963252,0.295833333,0.099861653,0.195012808,0.146538869,0.052852883,0.283333333,0.10250283,0.070138461,0.408364466,0.767056789,0.3875,0.61904163,0.558448718,0.511213235,0.342917574,8.5,0.573943662,0.397610294,0.338280015,0.255352659,0.894736842,0.364653244,0.284492963,0.661719985,0.744647341,0.105263158,0.635346756,0.715507037,0.924842035,2.03568036,0.957746479,1.026448363,0.359660791,0.480476849,0.670584554,0.489208633,0.506525792,0.264522441,0.519523151,0.329415446,0.510791367,0.493474208,0.735477559
27,2,4,0.6935,0.829181818,0.579,0.794375,0.7330865,0.364934149,0.2070276,1.569346234,0.02,0.113,0.123,0.018,2.605,2.132,1.43,5.215,0.183259563,0.301281628,0.09562661,0.419832199,1.195647899,0.497805032,5.65,0.818426104,1.644015862,1.106626183,0.608396097,1.65034965,0.882775713,1.423190809,0.455446431,0.667643638,0.15037594,0.549926114,0.378212557,0.544553569,0.332356362,0.84962406,0.450073886,0.621787443,0.377971105,1.202519704,0.0703125,0.845629966,0.723639262,0.239463534,0.255040324,0.072992701,0.228870146,0.183259563,0.286314071,0.126960357,0.412408759,0.187313302,0.301281628,0.199927017,0.072024769,0.448905109,0.125636971,0.09562661,0.274295378,0.54597455,0.065693431,0.458179582,0.419832199,0.834895458,0.282405419,6.15,0.548944338,0.521809661,0.455009823,0.220215397,0.86013986,0.354399009,0.342887599,0.544990177,0.779784603,0.13986014,0.645600991,0.657112401,0.698278698,0.567301253,1.088495575,0.670731707,0.317399408,0.411168496,0.361960569,0.521186441,0.401459854,0.240928762,0.588831504,0.638039431,0.478813559,0.598540146,0.759071238
27,3,2,0.4768,0.7525,0.540833333,1.1594,0.10841436,0.44384985,0.202234806,0.87650024,0.105,0.217,0.14,0.008,1.152,2.22,1.495,2.619,0.14479638,0.228521972,0.098545355,0.528136293,1.578229866,4.094013468,2.066666667,1.927083333,1.578229866,1.270922729,2.079788801,1.457142857,1.403475633,1.344065893,0.387863011,0.196308865,0.326086957,0.341637011,0.387863011,0.612136989,0.803691135,0.673913043,0.658362989,0.612136989,0.654978909,1.161698322,0.017316017,0.538113828,1.119256018,0.162756298,0.066471128,0.223404255,0.153887256,0.14479638,0.25686685,0.272133693,0.461702128,0.296553567,0.228521972,0.184614159,0.123994419,0.29787234,0.199706118,0.098545355,0.395762693,0.53740076,0.017021277,0.349853059,0.528136293,1.134298098,1.865387625,1.333333333,1.297743056,0.680578859,0.531461889,0.651007078,0.571428571,0.564790329,0.404966929,0.468538111,0.348992922,0.428571429,0.435209671,0.595033071,0.718715393,0.455637882,0.64516129,0.673423423,0.431229236,0.418170103,0.313015955,0.392156863,0.402422611,0.301299907,0.581829897,0.686984045,0.607843137,0.597577389,0.698700093
27,4,5,0.468217391,0.417863636,0.412434783,0.318521739,0.112167561,0.135356027,0.089339985,0.090720858,0.052,0.038,0.055,0.004,1.16,1.21,1.096,1.411,0.292842769,0.249986403,0.257953989,0.199216838,0.892456462,1.206730583,0.730769231,1.043103448,0.853654007,0.942822199,1.115074923,0.869158879,1.022163121,0.922192051,0.528413742,0.45315908,0.577777778,0.489451477,0.539475003,0.471586258,0.54684092,0.422222222,0.510548523,0.460524997,0.245296774,0.269310384,0.027586207,0.407097519,0.248777506,0.289552578,0.262328451,0.348993289,0.237851138,0.292842769,0.258413069,0.316559764,0.255033557,0.248103342,0.249986403,0.255055786,0.208941155,0.369127517,0.224728317,0.257953989,0.196978567,0.21217063,0.026845638,0.289317203,0.199216838,0.880861733,0.796486825,1.057692308,0.944827586,0.880861733,0.468328808,0.443358011,0.514018692,0.485815603,0.468328808,0.531671192,0.556641989,0.485981308,0.514184397,0.531671192,0.987008073,0.660036992,1.447368421,0.905785124,1.031872077,0.496730782,0.397603786,0.591397849,0.475281873,0.507843032,0.503269218,0.602396214,0.408602151,0.524718127,0.492156968
29,1,2,0.750666667,0.768125,0.155,1.055368421,0.094272222,0.259811609,0.0098375,0.679431706,0.477,0.162,0.045,0.11,1.4,1.788,0.295,2.85,0.120215662,0.328030748,0.016548337,0.535205253,1.023257105,2.755972048,0.339622642,1.277142857,2.728685613,1.019276776,2.590047343,0.396551724,1.228908555,2.519516003,0.494252558,0.266242663,0.746478873,0.439146801,0.268191021,0.505747442,0.733757337,0.253521127,0.560853199,0.731808979,0.630525556,1.866974116,0.160818713,0.818260121,1.151487309,0.275054098,0.090355056,0.600755668,0.221064267,0.120215662,0.28145106,0.249016009,0.204030227,0.282330649,0.328030748,0.05679403,0.009428736,0.056675063,0.046581399,0.016548337,0.386700812,0.651200199,0.138539043,0.450023685,0.535205253,0.206483126,0.104352054,0.094339623,0.210714286,0.137655417,0.171144645,0.094491655,0.086206897,0.174041298,0.120999219,0.828855355,0.905508345,0.913793103,0.825958702,0.879000781,0.201790073,0.037863974,0.277777778,0.164988814,0.050447518,0.167907921,0.036482598,0.217391304,0.14162266,0.048024787,0.832092079,0.963517402,0.782608696,0.85837734,0.951975213
29,2,1,0.6158,1.008,0.3905,1.22,0.34724496,0.428588,0.04100625,1.599124118,0.147,0.265,0.188,0.015,1.76,2.52,0.593,5.235,0.079536061,0.364538128,0.020174623,0.535751188,1.636895096,1.234252615,1.802721088,1.431818182,4.583306268,1.389744609,1.209511363,1.352238806,1.322991925,3.858290155,0.379233896,0.447576963,0.356796117,0.411214953,0.179105346,0.620766104,0.552423037,0.643203883,0.588785047,0.820894654,0.605669463,1.957697547,0.025,1.074286887,1.15401736,0.190396686,0.1437294,0.23902439,0.174119509,0.079536061,0.311659401,0.177398388,0.430894309,0.249307479,0.364538128,0.120737099,0.016973043,0.305691057,0.058666403,0.020174623,0.377206814,0.661899168,0.024390244,0.517906609,0.535751188,0.634134459,0.118090267,1.278911565,0.336931818,0.253653784,0.388055252,0.105617829,0.56119403,0.2520187,0.202331606,0.611944748,0.894382171,0.43880597,0.7479813,0.797668394,0.387400794,0.09567755,0.709433962,0.23531746,0.055342971,0.279227744,0.087322726,0.415011038,0.190491487,0.052440744,0.720772256,0.912677274,0.584988962,0.809508513,0.947559256
29,3,1,0.410333333,1.198692308,0.5695,1.107266667,0.256724222,0.617873905,0.03980025,2.113516196,0.008,0.187,0.37,0.025,1.125,2.865,0.769,4.728,0.035617152,0.450870899,0.032955269,0.480556681,2.921264763,2.406761232,23.375,2.546666667,12.65881397,1.804584767,2.217942251,1.473544974,1.918690602,7.055696203,0.25501976,0.293533926,0.041025641,0.281954887,0.073212799,0.74498024,0.706466074,0.958974359,0.718045113,0.926787201,0.508264234,2.311373519,0.044247788,0.993486026,0.92513786,0.124881093,0.084785821,0.013559322,0.118583325,0.035617152,0.364810735,0.204059226,0.316949153,0.3019922,0.450870899,0.173321971,0.013144443,0.627118644,0.08105829,0.032955269,0.336986201,0.69801051,0.042372881,0.498366185,0.480556681,1.387896019,0.155031145,46.25,0.683555556,0.925264013,0.581221296,0.13422248,0.978835979,0.406019007,0.480590717,0.418778704,0.86577752,0.021164021,0.593980993,0.519409283,0.475101072,0.064414842,1.978609626,0.268411867,0.073092473,0.322080352,0.06051667,0.66427289,0.211612548,0.068113862,0.677919648,0.93948333,0.33572711,0.788387452,0.931886138
29,4,2,0.580875,0.491428571,0.372142857,1.609,0.329183609,0.073073245,0.100840122,4.004151,0.017,0.079,0.073,0.04,1.625,0.915,0.945,6.457,0.116536262,0.172534858,0.065327515,0.645601364,0.846014326,0.221983242,4.647058824,0.563076923,1.48052507,0.906144016,0.404427371,1.688888889,0.723735409,1.307915058,0.541707605,0.818341828,0.177083333,0.63976378,0.403140453,0.458292395,0.181658172,0.822916667,0.36023622,0.596859547,1.113921547,7.959004298,0.236686391,1.852797704,1.821681291,0.190235858,0.07303428,0.081339713,0.163447998,0.116536262,0.160942261,0.016212386,0.377990431,0.092033796,0.172534858,0.121876334,0.022372881,0.349282297,0.095051298,0.065327515,0.526945547,0.888380453,0.19138756,0.649466908,0.645601364,0.640659104,0.306333972,4.294117647,0.581538462,0.560576716,0.390488861,0.234498971,0.811111111,0.36770428,0.359211252,0.609511139,0.765501029,0.188888889,0.63229572,0.640788748,0.757267442,1.379986924,0.924050633,1.032786885,0.378633721,0.430934657,0.579829624,0.480263158,0.508064516,0.274644175,0.569065343,0.420170376,0.519736842,0.491935484,0.725355825
