ID,SECTION,ANSWER,1,2,3,4,5,6,7,8,9,10,11,12,13,14,15,16,17,18,19,20,21,22,23,24,25,26,27,28,29,30,31,32,33,34,35,36,37,38,39,40,41,42,43,44,45,46,47,48,49,50
1,1,1,0.983357143,0.918333333,1.544142857,0.125,0.26,0.245,1.973,2.142,8.605,0.354027058,0.075862941,0.354027058,0.360959622,0.072233875,0.566806502,0.049455984,5.332432432,0.033468241,0.50979101,0.053306521,0.370728423,0.053350405,0.18047888,0.331171663,0.369373164,0.582146223,0.104566795,0.787136727,0.331171663,0.580018091,0.047125353,0.8420828,0.032384393,0.337656673,0.050608745,1.570276749,1.96,4.361378611,1,1.570276749,0.610936838,0.662162162,0.813480809,0.5,0.610936838,0.389063162,0.337837838,0.186519191,0.5,0.389063162
1,2,2,1.2102,1.030666667,0.7604,0.155,0.965,0.345,2.493,1.105,1.565,0.126438235,0.075862941,0.126438235,0.467439166,0.238856701,0.293704133,0.078656247,4.986,0.031157771,1.848488181,0.103339604,0.569345126,0.051787504,0.595778898,0.17553171,0.556608024,0.357734287,0.115268961,0.374004804,0.17553171,0.349731236,0.072920587,0.832943535,0.030216299,0.648936581,0.09366074,0.628325897,2.225806452,0.627757722,1,0.628325897,0.385872323,0.69,0.38565796,0.5,0.385872323,0.614127677,0.31,0.61434204,0.5,0.614127677
1,3,4,0.583785714,0.694857143,1.569733333,0.026,0.038,0.288,1.598,2.067,11.755,0.444868128,0.222434064,0.476644423,0.22340978,0.132957931,0.643632288,0.012073262,5.089171975,0.033315969,0.242438131,0.013924656,0.267850705,0.013598326,0.115814993,0.388557473,0.254130229,0.720220057,0.150627615,0.851943205,0.416311578,0.732136348,0.011929237,0.835774059,0.032241802,0.195130948,0.013733422,2.68888617,11.07692308,7.356070088,1.071428571,2.880949468,0.728915463,0.917197452,0.880326518,0.517241379,0.742331095,0.271084537,0.082802548,0.119673482,0.482758621,0.257668905
1,4,2,0.968642857,0.476,1.391133333,0.03,0.158,0.228,3.713,1.135,8.529,0.444868128,0.317762949,0.476644423,0.346049811,0.121465755,0.532484434,0.01271307,14.39147287,0.036339497,0.375523709,0.014470773,0.405327855,0.007554772,0.292664822,0.350963504,0.388275853,0.582118668,0.057416268,0.672269934,0.376032326,0.59745979,0.012553477,0.93502896,0.035065244,0.27300417,0.014264357,1.436167441,7.6,2.297064368,1.071428571,1.53875083,0.589519184,0.88372093,0.696699886,0.517241379,0.606105496,0.410480816,0.11627907,0.303300114,0.482758621,0.393894504
2,1,5,1.4955,0.918333333,2.019,0.72,0.26,0.125,2.63,2.142,7.17,0.25287647,0.075862941,0.25287647,0.394591029,0.072691293,0.532717678,0.204865557,3.112426036,0.025803721,0.780205112,0.220924872,0.353170386,0.207194245,0.261616663,0.280866512,0.348524994,0.476797733,0.035971223,0.713228698,0.280866512,0.470526221,0.170031881,0.756834532,0.025154638,0.438266977,0.180948785,1.35005015,0.173611111,2.726235741,1,1.35005015,0.574477166,0.147928994,0.731632653,0.5,0.574477166,0.425522834,0.852071006,0.268367347,0.5,0.425522834
2,2,5,0.786285714,1.030666667,1.826285714,0.345,0.965,0.577,1.537,1.105,5.117,0.177013529,0.075862941,0.177013529,0.257436857,0.144621141,0.597942002,0.132053806,1.6670282,0.026602574,0.727167179,0.154380488,0.26585519,0.140300935,0.225003214,0.289491374,0.260713329,0.617495049,0.234648231,0.74908357,0.289491374,0.605552179,0.116649761,0.625050834,0.025913216,0.421017252,0.133734492,2.322674419,1.672463768,3.329212752,1,2.322674419,0.69903762,0.625813449,0.769011121,0.5,0.69903762,0.30096238,0.374186551,0.230988879,0.5,0.30096238
2,3,5,0.970230769,0.694857143,1.592923077,0.338,0.038,0.035,1.774,2.067,4.085,0.413091833,0.222434064,0.413091833,0.33031295,0.127379861,0.542307189,0.131868791,4.756032172,0.070505519,0.399805713,0.151118208,0.334429272,0.157428971,0.282840246,0.357192427,0.328836825,0.549065359,0.016301816,0.651297862,0.357192427,0.539883688,0.116505369,0.826269213,0.065861892,0.285615146,0.131279487,1.641798145,0.103550296,2.30270575,1,1.641798145,0.621469944,0.09383378,0.697217955,0.5,0.621469944,0.378530056,0.90616622,0.302782045,0.5,0.378530056
2,4,5,0.836611111,0.476,0.920941176,0.002,0.158,0.107,3.915,1.135,5.033,0.571973308,0.317762949,0.540197013,0.424496124,0.134178999,0.441324877,0.001137946,35.91743119,0.063921916,0.381682658,0.001314297,0.475468173,0.000497018,0.411240649,0.372216957,0.489638091,0.523395174,0.026590457,0.528677953,0.351538237,0.509049336,0.001136653,0.972912525,0.060081398,0.276244806,0.001312572,1.1007996,53.5,1.285568327,0.944444444,1.039644067,0.52399077,0.981651376,0.562472061,0.485714286,0.509718379,0.47600923,0.018348624,0.437527939,0.514285714,0.490281621
5,1,4,1.575384615,0.099,0.660230769,0.03,0.008,0.245,4.059,0.268,1.402,0.328739411,0.126438235,0.328739411,0.692875025,0.016746735,0.290378239,0.013419124,14.76,0.060197658,1.053836265,0.013647678,0.695345126,0.006922012,0.701067822,0.243446865,0.695188342,0.291413438,0.056529765,0.242152522,0.243446865,0.291347731,0.013241436,0.936548223,0.056779656,0.51310627,0.013463927,0.419091797,8.166666667,0.345405272,1,0.419091797,0.295323951,0.890909091,0.256729537,0.5,0.295323951,0.704676049,0.109090909,0.743270463,0.5,0.704676049
5,2,5,0.936181818,0.14,1.6475,0.187,0.14,0.25,1.66,0.14,3.027,0.278164117,0.025287647,0.25287647,0.38264036,0.005201947,0.612157693,0.072377333,3.798627002,0.059348009,0.720548239,0.072755805,0.337888606,0.089175012,0.334329332,0.304443381,0.358554334,0.594618981,0.11921793,0.609647522,0.27676671,0.573624262,0.067492412,0.791607058,0.056023147,0.418789908,0.067821404,1.75980773,1.336898396,1.823493976,0.909090909,1.599825209,0.637655917,0.57208238,0.645828888,0.476190476,0.615358757,0.362344083,0.42791762,0.354171112,0.523809524,0.384641243
5,3,5,1.48825,1.243,2.503625,0.389,1.243,0.273,3.387,1.243,6.505,0.254210359,0.031776295,0.254210359,0.358852251,0.037464585,0.603683164,0.097447941,5.116314199,0.025698581,0.705817522,0.101240889,0.33971524,0.096073104,0.333819217,0.293114588,0.338545176,0.571489714,0.067424055,0.641126073,0.293114588,0.569521361,0.088795047,0.83650284,0.02505471,0.413770824,0.091933463,1.682261045,0.701799486,1.920578683,1,1.682261045,0.62718021,0.412386707,0.657602103,0.5,0.62718021,0.37281979,0.587613293,0.342397897,0.5,0.37281979
5,4,5,0.906615385,0.4442,1.558909091,0.035,0.247,0.123,1.971,0.617,4.275,0.413091833,0.158881474,0.349539244,0.378302038,0.071288718,0.550409244,0.014195763,12.47468354,0.066137021,0.496048548,0.015285442,0.36257009,0.016439643,0.295986307,0.362064899,0.4012082,0.623432846,0.057773603,0.641979433,0.306362607,0.583736485,0.013997064,0.925786754,0.06203426,0.331572494,0.015055315,1.719482283,3.514285714,2.168949772,0.846153846,1.454946547,0.632282951,0.778481013,0.68443804,0.458333333,0.592659155,0.367717049,0.221518987,0.31556196,0.541666667,0.407340845
6,1,4,0.579857143,0.099,3.544714286,0.255,0.008,0.385,0.949,0.268,6.382,0.177013529,0.126438235,0.177013529,0.138216365,0.016855654,0.84492798,0.061824605,1.4828125,0.024145891,0.390411869,0.062884566,0.132400431,0.160478288,0.12639828,0.359605676,0.132268394,0.809374694,0.242290749,0.850025107,0.359605676,0.808567546,0.058224875,0.597230963,0.023576613,0.280788648,0.059164059,6.11308204,1.509803922,6.724973656,1,6.11308204,0.859413965,0.6015625,0.87054972,0.5,0.859413965,0.140586035,0.3984375,0.12945028,0.5,0.140586035
6,2,5,1.257333333,0.14,1.6004,0.273,0.14,0.155,2.019,0.14,6.64,0.227588823,0.025287647,0.25287647,0.412090313,0.005098325,0.582811362,0.095530257,4.71728972,0.0262835,0.857690076,0.096019797,0.401609846,0.111565182,0.227196289,0.254985596,0.377914752,0.511190136,0.063342869,0.747193342,0.283317329,0.534477527,0.087200017,0.825091949,0.025610369,0.461697076,0.087607722,1.272852598,0.567765568,3.28875681,1.111111111,1.414280665,0.560024262,0.362149533,0.766832198,0.526315789,0.58579795,0.439975738,0.637850467,0.233167802,0.473684211,0.41420205
6,3,4,1.459,1.243,3.6235,0.662,1.243,0.425,2.643,1.243,13.865,0.190657769,0.031776295,0.190657769,0.275820783,0.039164409,0.685014809,0.130250861,2.431462741,0.011549417,0.723340003,0.135559988,0.25398207,0.177479893,0.158276194,0.290134274,0.252794618,0.630777265,0.113941019,0.830306255,0.290134274,0.627828168,0.115240665,0.708579088,0.011417551,0.419731453,0.119377214,2.483550377,0.641993958,5.245932652,1,2.483550377,0.712936547,0.390984361,0.839895808,0.5,0.712936547,0.287063453,0.609015639,0.160104192,0.5,0.287063453
6,4,5,0.920615385,0.4442,1.054866667,0.215,0.247,0.09,2.381,0.617,5.412,0.413091833,0.158881474,0.476644423,0.398773824,0.074003732,0.527222444,0.108834196,7.806557377,0.053008063,0.448193294,0.117532002,0.420279812,0.080044676,0.290150299,0.320596509,0.38535184,0.481568277,0.033507074,0.659510046,0.369919049,0.50947712,0.098151911,0.88644825,0.050339655,0.309484442,0.10517104,1.145827763,0.418604651,2.27299454,1.153846154,1.322108957,0.533979373,0.295081967,0.694469396,0.535714286,0.569356986,0.466020627,0.704918033,0.305530604,0.464285714,0.430643014
7,1,4,1.103666667,0.853,1.467333333,0.135,0.303,0.147,3.402,1.403,4.228,0.227588823,0.050575294,0.227588823,0.399798752,0.068665728,0.53153552,0.052508751,12.06382979,0.029828155,0.878335648,0.056380134,0.407859079,0.036644951,0.432957244,0.266193106,0.406364372,0.542251786,0.03990228,0.53807855,0.266193106,0.540264562,0.049889135,0.923452769,0.028964206,0.467613788,0.053371067,1.329507702,1.088888889,1.242798354,1,1.329507702,0.57072475,0.521276596,0.55412844,0.5,0.57072475,0.42927525,0.478723404,0.44587156,0.5,0.42927525
7,2,4,1.0766,0.383538462,0.838473684,0.061,0.014,0.15,4.3298,1.012,2.127,0.455177646,0.328739411,0.480465293,0.480913644,0.12373498,0.395351377,0.03185256,20.52037915,0.070495856,0.513992704,0.036350373,0.544817741,0.013433756,0.62641985,0.321326837,0.529572,0.424312965,0.033033827,0.30772669,0.339178328,0.43535263,0.030869294,0.953532417,0.06585346,0.339494835,0.03507537,0.778816352,2.459016393,0.491246709,1.055555556,0.822083927,0.437828419,0.710900474,0.329420146,0.513513514,0.45117786,0.562171581,0.289099526,0.670579854,0.486486486,0.54882214
7,3,3,0.915933333,0.3603,0.894142857,0.013,0.012,0.089,3.735,0.746,3.407,0.476644423,0.317762949,0.444868128,0.460113865,0.120663094,0.419223041,0.007182018,36.61764706,0.066738228,0.499302873,0.008167539,0.502410891,0.003388064,0.490244693,0.34498792,0.519011893,0.490458304,0.023195205,0.447192415,0.321988725,0.472886737,0.007130805,0.973416732,0.062562891,0.333023355,0.00810137,0.976209539,6.846153846,0.912182062,0.933333333,0.911128903,0.493980785,0.87254902,0.477037244,0.482758621,0.476749057,0.506019215,0.12745098,0.522962756,0.517241379,0.523250943
7,4,4,1.136666667,0.669666667,1.067615385,0.258,0.14,0.105,2.318,0.982,4.178,0.476644423,0.190657769,0.413091833,0.487881649,0.114974104,0.397144247,0.117044913,6.385674931,0.073375065,0.548344125,0.132250269,0.461631382,0.096232749,0.33244202,0.345991745,0.486873428,0.43358777,0.039164491,0.599198775,0.299859512,0.396323537,0.104780847,0.86460276,0.068359204,0.354148743,0.116803036,0.939251072,0.406976744,1.802415876,0.866666667,0.814017595,0.484337013,0.289256198,0.643165025,0.464285714,0.448737431,0.515662987,0.710743802,0.356834975,0.535714286,0.551262569
8,1,1,1.286714286,0.853,1.925285714,0.087,0.303,0.93,2.696,1.403,3.402,0.177013529,0.050575294,0.177013529,0.372343944,0.07052501,0.557131046,0.027085928,2.65093412,0.029028129,1.051738661,0.029141104,0.390031611,0.023431188,0.429640508,0.243695754,0.389252725,0.583596761,0.250471317,0.542150226,0.243695754,0.582431328,0.026371628,0.726097495,0.028209266,0.512608492,0.028315947,1.496280671,10.68965517,1.261869436,1,1.496280671,0.599404021,0.914454277,0.557887832,0.5,0.599404021,0.400595979,0.085545723,0.442112168,0.5,0.400595979
8,2,1,0.948,0.383538462,1.365166667,0.052,0.014,0.061,2.127,1.012,5.372,0.354027058,0.328739411,0.303451764,0.383140878,0.143937644,0.472921478,0.022480006,18.82300885,0.047209902,0.582742539,0.026259776,0.400817419,0.023214286,0.270850971,0.340207915,0.436109736,0.577196815,0.027232143,0.684067425,0.291606784,0.538302419,0.021985766,0.949553571,0.045081604,0.368185301,0.025587845,1.440049226,1.173076923,2.525622943,0.857142857,1.234327908,0.590172203,0.539823009,0.716362182,0.461538462,0.55243812,0.409827797,0.460176991,0.283637818,0.538461538,0.44756188
8,3,1,0.774727273,0.3603,1.438166667,0.147,0.012,0.135,2.135,0.746,5.47,0.349539244,0.317762949,0.381315539,0.290031651,0.122621924,0.587346425,0.06642885,7.570921986,0.045961768,0.396838959,0.075712913,0.328289022,0.060819197,0.26840021,0.34238798,0.30729977,0.609420043,0.055854365,0.68765768,0.37351416,0.62231629,0.062290935,0.883326438,0.043942111,0.28409786,0.07038394,1.856352186,0.918367347,2.56206089,1.090909091,2.025111476,0.649903116,0.478723404,0.719263642,0.52173913,0.66943367,0.350096884,0.521276596,0.280736358,0.47826087,0.33056633
8,4,1,0.83425,0.669666667,1.5563,0.113,0.14,0.406,2.393,0.982,4.18,0.254210359,0.190657769,0.317762949,0.2541992,0.153037517,0.592763283,0.047269457,4.610789981,0.038674937,0.444424935,0.055810567,0.333226818,0.038804945,0.350509194,0.307696464,0.2842654,0.621637275,0.139423077,0.612255926,0.38462058,0.662874201,0.045135907,0.821771978,0.03723488,0.307682957,0.052860399,1.865507941,3.592920354,1.746761387,1.25,2.331884927,0.651021731,0.782273603,0.635934885,0.555555556,0.699869587,0.348978269,0.217726397,0.364065115,0.444444444,0.300130413
9,1,3,1.043,0.5016,1.496,0.36,0.082,0.211,1.993,0.859,3.336,0.227588823,0.126438235,0.227588823,0.370164439,0.098899799,0.530935762,0.141788106,3.490367776,0.042707604,0.813230707,0.157349988,0.359779234,0.140405616,0.358673291,0.2757509,0.354941595,0.516040014,0.082293292,0.600368339,0.2757509,0.509101271,0.124180752,0.777301092,0.04095837,0.448498199,0.135957134,1.434324065,0.586111111,1.673858505,1,1.434324065,0.58920835,0.369527145,0.626008632,0.5,0.58920835,0.41079165,0.630472855,0.373991368,0.5,0.41079165
9,2,3,2.9236,0,2.5384,0.867,1000,1.119,4.313,0,6.425,0.126438235,0,0.126438235,0.535261809,0,0.464738191,0.158733065,2.171701913,0.01177484,2.116692823,0.158733065,0.461937115,0.137640895,0.39698325,0.160426461,0.461937115,0.401074419,0.177647246,0.591378943,0.160426461,0.401074419,0.136988466,0.684711859,0.011637807,0.679147078,0.136988466,0.86824463,1.290657439,1.489682356,1,0.86824463,0.464738191,0.563444109,0.598342336,0.5,0.464738191,0.535261809,0.436555891,0.401657664,0.5,0.535261809
9,3,3,1.259769231,0.224333333,1.128615385,0.358,0.04,0.257,3.329,0.339,2.465,0.413091833,0.190657769,0.413091833,0.505540979,0.041549622,0.4529094,0.149892106,5.41300813,0.071296485,0.611899023,0.156390054,0.45870095,0.090770791,0.536322015,0.310193128,0.456123433,0.410945859,0.065162272,0.397126394,0.310193128,0.408636686,0.130353192,0.844066937,0.06655159,0.379613744,0.135239881,0.895890578,0.717877095,0.740462601,1,0.895890578,0.472543399,0.417886179,0.42544011,0.5,0.472543399,0.527456601,0.582113821,0.57455989,0.5,0.527456601
9,4,3,1.8792,0.585,1.8174,0.46,0.493,0.413,8.044,0.677,8.109,0.317762949,0.06355259,0.317762949,0.492762744,0.030679673,0.476557583,0.124438673,9.214203895,0.01967207,0.775362177,0.128377245,0.452100274,0.051586857,0.488380534,0.281632675,0.45052223,0.437232353,0.046316026,0.49232692,0.281632675,0.435706205,0.110667372,0.902097118,0.019292546,0.436734649,0.113771565,0.967113665,0.897826087,1.008080557,1,0.967113665,0.491640967,0.473081329,0.50201201,0.5,0.491640967,0.508359033,0.526918671,0.49798799,0.5,0.508359033
10,1,3,1.471333333,0.5016,2.404333333,0.403,0.082,0.732,2.372,0.859,3.674,0.151725882,0.126438235,0.151725882,0.342675258,0.09735269,0.559972052,0.103982111,2.089867841,0.02509525,1.129257757,0.115196832,0.343876597,0.114913031,0.382721025,0.234823613,0.340418481,0.561935182,0.208725406,0.592798079,0.234823613,0.55628421,0.094188221,0.676361563,0.024480896,0.530352774,0.103297309,1.634118713,1.816377171,1.548903879,1,1.634118713,0.620366389,0.644933921,0.607674496,0.5,0.620366389,0.379633611,0.355066079,0.392325504,0.5,0.379633611
10,2,3,1.029142857,0,2.256142857,0.69,1000,0.282,1.905,0,7.638,0.177013529,0,0.177013529,0.313258251,0,0.686741749,0.210027395,1.959876543,0.018549044,0.884842681,0.210027395,0.258885255,0.23983316,0.195987382,0.265274129,0.258885255,0.567542315,0.09801877,0.785801375,0.265274129,0.567542315,0.17357243,0.662148071,0.018211243,0.469451743,0.17357243,2.192254303,0.408695652,4.009448819,1,2.192254303,0.686741749,0.290123457,0.80037724,0.5,0.686741749,0.313258251,0.709876543,0.19962276,0.5,0.313258251
10,3,3,0.924,0.224333333,2.975142857,0.385,0.04,0.358,1.973,0.339,6.284,0.222434064,0.190657769,0.222434064,0.225837989,0.046997207,0.727164804,0.09873965,2.655450875,0.026938848,0.507651536,0.103608983,0.215679082,0.141752577,0.232680623,0.331641621,0.214727465,0.694454633,0.131811487,0.741087194,0.331641621,0.691390567,0.089866284,0.726435935,0.026232183,0.336716757,0.093881967,3.219851577,0.92987013,3.184997466,1,3.219851577,0.763024841,0.481830417,0.761051229,0.5,0.763024841,0.236975159,0.518169583,0.238948771,0.5,0.236975159
10,4,3,1.0251,0.585,2.5541,0.039,0.493,0.301,2.03,0.677,8.044,0.317762949,0.06355259,0.317762949,0.277338889,0.031654131,0.69100698,0.01089629,5.970588235,0.031542878,0.436392741,0.011252477,0.283317672,0.016455696,0.195347027,0.348094212,0.28321788,0.705903488,0.127004219,0.774074624,0.348094212,0.705654852,0.01077884,0.856540084,0.030578348,0.303811575,0.011127268,2.491561799,7.717948718,3.962561576,1,2.491561799,0.713595217,0.885294118,0.798491165,0.5,0.713595217,0.286404783,0.114705882,0.201508835,0.5,0.286404783
11,1,2,0.876,0.40175,1.057214286,0.002,0.012,0.161,2.334,1.233,4.093,0.50575294,0.404602352,0.354027058,0.4521407,0.165888152,0.381971148,0.001034546,14.3190184,0.078691915,0.525879529,0.001240297,0.452663049,0.000800961,0.336662798,0.385505725,0.541390951,0.546303473,0.064477373,0.59038596,0.269854007,0.457370289,0.001033477,0.934721666,0.072951242,0.344640268,0.001238761,1.206865623,80.5,1.753641817,0.7,0.844805936,0.54686865,0.987730061,0.636844562,0.411764706,0.457937564,0.45313135,0.012269939,0.363155438,0.588235294,0.542062436
11,2,2,0.916058824,0.378785714,1.032923077,0.012,0.004,0.087,2.044,0.976,2.872,0.429889999,0.354027058,0.328739411,0.453970382,0.154588386,0.391441231,0.006157061,20.64646465,0.087447111,0.598408626,0.007282915,0.467142926,0.005599627,0.382349805,0.354519275,0.533098969,0.52673769,0.040597294,0.537235147,0.271102975,0.459670774,0.006119383,0.95380308,0.080415048,0.374377751,0.007230257,1.12757287,7.25,1.405088063,0.764705882,0.862261607,0.529980846,0.878787879,0.584214809,0.433333333,0.463018517,0.470019154,0.121212121,0.415785191,0.566666667,0.536981483
11,3,2,0.897571429,0.429454545,1.203230769,0.056,0.012,0.126,1.812,0.904,8.675,0.444868128,0.349539244,0.413091833,0.381574153,0.143447103,0.474978744,0.026656484,9.956043956,0.042420914,0.444745874,0.031120651,0.416158436,0.028084253,0.16575392,0.358899463,0.432031363,0.557877199,0.063189569,0.793551468,0.333263787,0.53778725,0.025964365,0.908726179,0.040694612,0.30783675,0.030181387,1.340540408,2.25,4.787527594,0.928571429,1.244787522,0.572748244,0.692307692,0.827214647,0.481481481,0.554523539,0.427251756,0.307692308,0.172785353,0.518518519,0.445476461
11,4,2,0.974875,0.391285714,0.79525,0.008,0.017,0.1,3.037,1.15,2.04,0.508420718,0.444868128,0.508420718,0.46147929,0.162071006,0.376449704,0.004519455,28.12037037,0.100141957,0.453836039,0.005393601,0.548260105,0.00254372,0.543737017,0.343917737,0.547783417,0.447240773,0.031796502,0.365236587,0.343917737,0.446851917,0.004499121,0.965659777,0.091026396,0.312164527,0.005364666,0.815745608,12.5,0.671715509,1,0.815745608,0.449262058,0.925925926,0.401812094,0.5,0.449262058,0.550737942,0.074074074,0.598187906,0.5,0.550737942
12,1,2,0.859384615,0.40175,1.062789474,0.1,0.012,0.11,2.129,1.233,3.188,0.328739411,0.404602352,0.480465293,0.295610298,0.170084407,0.534305295,0.052024424,10.13809524,0.061827988,0.365309664,0.062686404,0.42498053,0.042753313,0.377098524,0.297551545,0.335181863,0.525567744,0.047028645,0.5646736,0.434883027,0.605829517,0.049451727,0.910218042,0.058227875,0.267565427,0.05898862,1.236686641,1.1,1.497416628,1.461538462,1.807465091,0.552910103,0.523809524,0.599586233,0.59375,0.643806791,0.447089897,0.476190476,0.400413767,0.40625,0.356193209
12,2,4,0.754,0.378785714,1.1794375,0.087,0.004,0.063,1.683,0.976,3.638,0.303451764,0.354027058,0.404602352,0.272349648,0.159623141,0.568027211,0.044997576,11.22,0.057029085,0.384645244,0.05354452,0.3731865,0.047463175,0.299229164,0.309517135,0.307609569,0.583753519,0.034369885,0.646818597,0.412689513,0.641567216,0.043059981,0.918166939,0.053952239,0.277793352,0.050823215,1.564240716,0.724137931,2.161616162,1.333333333,2.085654288,0.610021012,0.42,0.68370607,0.571428571,0.675919625,0.389978988,0.58,0.31629393,0.428571429,0.324080375
12,3,4,0.7330625,0.429454545,1.005764706,0.065,0.012,0.166,2.555,0.904,3.042,0.508420718,0.349539244,0.540197013,0.349587196,0.140800572,0.509612232,0.037381518,11.06060606,0.090838077,0.333379062,0.043507382,0.406392862,0.02333094,0.418480579,0.363623893,0.389911471,0.557572645,0.059583632,0.498245762,0.386350386,0.568395118,0.036034494,0.917085427,0.083273658,0.250025721,0.041693411,1.372004032,2.553846154,1.190606654,1.0625,1.457754284,0.578415556,0.718614719,0.543505449,0.515151515,0.593124501,0.421584444,0.281385281,0.456494551,0.484848485,0.406875499
12,4,5,0.582157895,0.391285714,0.948473684,0.005,0.017,0.13,1.573,1.15,3.865,0.603749603,0.444868128,0.603749603,0.320052083,0.158506944,0.521440972,0.003266625,11.65185185,0.111024201,0.26505366,0.00388194,0.379099976,0.0029274,0.260355047,0.395240151,0.378867612,0.617644035,0.076112412,0.639715356,0.395240151,0.617265459,0.003255989,0.920960187,0.099929597,0.209519697,0.003866929,1.629237863,26,2.457088366,1,1.629237863,0.619661646,0.962962963,0.710739242,0.5,0.619661646,0.380338354,0.037037037,0.289260758,0.5,0.380338354
13,1,4,1.6028275,0.628909091,1.577038,0.361,0.022,0.359,3.376,1.87,3.239,0.202301176,0.278164117,0.25287647,0.361088677,0.194812875,0.444098448,0.113526814,4.688888889,0.030582188,0.793291762,0.140994324,0.452665457,0.088134766,0.495210629,0.24783722,0.393037116,0.445382068,0.087646484,0.4751147,0.309796525,0.483391434,0.101952475,0.82421875,0.029674672,0.442366256,0.123571451,0.983909997,0.994459834,0.959419431,1.25,1.229887496,0.495944876,0.498611111,0.489644747,0.555555556,0.551546882,0.504055124,0.501388889,0.510355253,0.444444444,0.448453118
13,2,2,1.2344,0.425666667,0.659583333,0.092,0.032,0.207,3.08,1.055,2.164,0.379314705,0.151725882,0.303451764,0.638813179,0.088114542,0.273072279,0.048574873,10.30100334,0.072333086,0.93562471,0.053268612,0.621556072,0.02722699,0.547719657,0.287016152,0.665111466,0.332119269,0.061260728,0.384826408,0.229612921,0.284313959,0.046324659,0.911512282,0.067453935,0.483370927,0.050574575,0.53433517,2.25,0.702597403,0.8,0.427468136,0.348251921,0.692307692,0.41266209,0.444444444,0.299458969,0.651748079,0.307692308,0.58733791,0.555555556,0.700541031
13,3,5,0.834083333,0.599888889,1.524384615,0.362,0.001,0.372,2.314,1.749,5.596,0.381315539,0.285986654,0.413091833,0.284144784,0.153271824,0.562583392,0.153489472,3.152588556,0.048206768,0.357681454,0.181273609,0.306595538,0.118766404,0.279087195,0.353543903,0.284082953,0.56033912,0.122047244,0.674923053,0.383005895,0.562460974,0.133065343,0.759186352,0.045989751,0.263450202,0.153456073,1.827616683,1.027624309,2.41832325,1.083333333,1.979918074,0.646345275,0.506811989,0.707458913,0.52,0.664420304,0.353654725,0.493188011,0.292541087,0.48,0.335579696
13,4,5,1.0508,0.509461538,1.050642857,0.007,0.036,0.077,2.327,1.209,3.409,0.476644423,0.413091833,0.444868128,0.424920472,0.178546396,0.396533132,0.003331045,27.70238095,0.083097005,0.461111975,0.004055061,0.498377272,0.00290336,0.374558697,0.354005298,0.515189599,0.498302742,0.031936956,0.548719638,0.330404944,0.480771717,0.003319986,0.965159685,0.076721665,0.315589758,0.004038684,0.999850454,11,1.464976364,0.933333333,0.933193757,0.499962611,0.916666667,0.594316597,0.482758621,0.482721276,0.500037389,0.083333333,0.405683403,0.517241379,0.517278724
14,1,3,1.115636364,0.628909091,1.738333333,0.173,0.022,0.453,2.622,1.87,4.096,0.278164117,0.278164117,0.227588823,0.352289364,0.198593369,0.449117267,0.060617322,4.188498403,0.041405793,0.696564145,0.075638658,0.368565422,0.053263547,0.3747768,0.324184618,0.408677001,0.57428171,0.139470443,0.585463681,0.26524196,0.521003234,0.057152868,0.80726601,0.039759519,0.410573421,0.070319765,1.558154063,2.61849711,1.562166285,0.818181818,1.274853325,0.609093129,0.723642173,0.609705269,0.45,0.560411219,0.390906871,0.276357827,0.390294731,0.55,0.439588781
14,2,2,0.8225,0.425666667,4.9246,0.207,0.032,0.726,1.438,1.055,10.099,0.050575294,0.151725882,0.126438235,0.057074457,0.088612865,0.854312678,0.036018166,1.541264737,0.004383747,0.322429915,0.03952016,0.138140105,0.087304935,0.124098439,0.216052497,0.060242915,0.827093935,0.306199916,0.871536947,0.540131244,0.90173939,0.03476596,0.60649515,0.004364614,0.243816259,0.038017695,5.987355623,3.507246377,7.02294854,2.5,14.96838906,0.856884342,0.778135048,0.875357545,0.714285714,0.937376275,0.143115658,0.221864952,0.124642455,0.285714286,0.062623725
14,3,4,1.164785714,0.599888889,0.998307692,0.332,0.001,0.508,3.826,1.749,2.314,0.444868128,0.285986654,0.413091833,0.470159151,0.155662553,0.374178295,0.153483894,4.554761905,0.072454093,0.547996611,0.181780276,0.466830505,0.071153022,0.5810291,0.334961017,0.471185704,0.400108345,0.108872696,0.351411745,0.31103523,0.374995282,0.133061151,0.819974282,0.067559155,0.354003754,0.153819014,0.857074121,1.530120482,0.6048092,0.928571429,0.795854541,0.461518531,0.604761905,0.376872964,0.481481481,0.443162028,0.538481469,0.395238095,0.623127036,0.518518519,0.556837972
14,4,4,0.937,0.509461538,1.546076923,0.077,0.036,0.007,2.095,1.209,3.549,0.381315539,0.413091833,0.413091833,0.296159722,0.174445557,0.529394722,0.031009913,24.94047619,0.067561222,0.372805858,0.03756253,0.366004627,0.035337311,0.347699633,0.349648858,0.34575303,0.603918151,0.003212483,0.589014796,0.378786262,0.618044304,0.030077221,0.961450207,0.063285572,0.27156488,0.036202666,1.650028733,0.090909091,1.694033413,1.083333333,1.787531128,0.622645601,0.083333333,0.628809355,0.52,0.641259611,0.377354399,0.916666667,0.371190645,0.48,0.358740389
15,1,4,0.5304,0.800666667,2.783,0.004,0.086,0.74,1.04,1.699,5.969,0.126438235,0.151725882,0.151725882,0.109795479,0.198890453,0.691314068,0.001207219,1.397849462,0.018039411,0.394714747,0.001506934,0.159884247,0.002242152,0.145751384,0.325905677,0.136848043,0.83890999,0.414798206,0.836528858,0.391086813,0.861647291,0.001205764,0.582959641,0.017719757,0.28300751,0.001504667,5.246983409,185,5.739423077,1.2,6.29638009,0.839922738,0.994623656,0.851619347,0.545454545,0.862945736,0.160077262,0.005376344,0.148380653,0.454545455,0.137054264
15,2,4,0.778333333,0.554333333,1.286375,0.163,0.043,0.139,1.998,1.486,4.389,0.303451764,0.303451764,0.404602352,0.255372669,0.181877837,0.562749494,0.078945775,6.61589404,0.047510844,0.360668293,0.096496317,0.34938745,0.070869565,0.298634542,0.314971276,0.284674837,0.577443187,0.060434783,0.656009513,0.419961701,0.627320931,0.073169363,0.868695652,0.045355945,0.265067022,0.088004232,1.652730193,0.852760736,2.196696697,1.333333333,2.203640257,0.623029887,0.460264901,0.687177078,0.571428571,0.68785509,0.376970113,0.539735099,0.312822922,0.428571429,0.31214491
15,3,4,0.8469,0.405333333,1.004090909,0.168,0.028,0.186,1.878,0.777,3.735,0.317762949,0.190657769,0.349539244,0.385901759,0.110817461,0.50328078,0.090762196,5.305084746,0.056611963,0.57830135,0.10207375,0.41946697,0.075268817,0.316654032,0.301710745,0.393799512,0.497323145,0.083333333,0.629767204,0.33188182,0.513580779,0.083209884,0.841397849,0.053578764,0.366407435,0.092619709,1.185607402,1.107142857,1.988817891,1.1,1.304168143,0.542461286,0.525423729,0.665419562,0.523809524,0.566003895,0.457538714,0.474576271,0.334580438,0.476190476,0.433996105
15,4,4,0.834,0.298076923,1.310666667,0.116,0.051,0.049,2.726,0.847,4.92,0.413091833,0.413091833,0.476644423,0.315385287,0.112720714,0.571893999,0.054087659,16.52121212,0.054027182,0.354470535,0.060959002,0.368917723,0.040124524,0.338251512,0.342780225,0.335029064,0.579769979,0.016949153,0.610490624,0.395515644,0.607514426,0.051312297,0.942926323,0.051257864,0.261704131,0.05745651,1.571542766,0.422413793,1.80484226,1.153846154,1.813318576,0.61112838,0.296969697,0.643473712,0.535714286,0.644547898,0.38887162,0.703030303,0.356526288,0.464285714,0.355452102
16,1,2,1.22625,0.800666667,0.734363636,0.037,0.086,0.004,5.969,1.699,1.914,0.303451764,0.151725882,0.278164117,0.533210132,0.174076892,0.292712976,0.018871643,145.5853659,0.038494452,0.916773681,0.022849152,0.613857444,0.006156406,0.729131518,0.272196523,0.631171218,0.367620456,0.000665557,0.233800926,0.249513479,0.346490051,0.0185221,0.993178037,0.037067557,0.478289998,0.022338731,0.598869428,0.108108108,0.320656726,0.916666667,0.548963643,0.374558058,0.097560976,0.242800964,0.47826087,0.354407055,0.625441942,0.902439024,0.757199036,0.52173913,0.645592945
16,2,2,0.898333333,0.554333333,0.949357143,0.062,0.043,0.128,2.767,1.486,4.687,0.455177646,0.303451764,0.354027058,0.447761194,0.184199596,0.36803921,0.033555404,14.56315789,0.061064884,0.553334888,0.041131879,0.47040782,0.020967196,0.349846738,0.362124101,0.527177409,0.497126186,0.043287115,0.592602697,0.281652079,0.433315704,0.032465994,0.935745688,0.057550565,0.35622382,0.039506887,1.056798304,2.064516129,1.693892302,0.777777778,0.821954236,0.513807456,0.673684211,0.628789911,0.4375,0.451138794,0.486192544,0.326315789,0.371210089,0.5625,0.548861206
16,3,4,0.948125,0.405333333,1.780714286,0.322,0.028,0.181,2.613,0.777,6.095,0.254210359,0.190657769,0.222434064,0.337381016,0.108175429,0.554443555,0.117998888,5.194831014,0.029192738,0.707825371,0.13231177,0.310775138,0.103337612,0.291557539,0.312287979,0.334099008,0.583680135,0.058087291,0.680077766,0.273251981,0.549049985,0.105544727,0.838575096,0.028364695,0.41446004,0.116851007,1.878142951,0.562111801,2.33256793,0.875,1.643375082,0.652553741,0.359840954,0.699931098,0.466666667,0.621695761,0.347446259,0.640159046,0.300068902,0.533333333,0.378304239
16,4,3,0.884625,0.298076923,1.014142857,0.049,0.051,0.116,4.242,0.847,3.031,0.508420718,0.413091833,0.444868128,0.439196947,0.120240792,0.440562261,0.025806209,25.70909091,0.069905227,0.460717597,0.029333264,0.454173734,0.011118675,0.545144666,0.365117347,0.484997482,0.520669264,0.026321761,0.389517559,0.319477678,0.486505175,0.025157002,0.962559564,0.065337775,0.315404975,0.028497344,1.146409899,2.367346939,0.714521452,0.875,1.003108662,0.534105764,0.703030303,0.416746872,0.466666667,0.500775959,0.465894236,0.296969697,0.583253128,0.533333333,0.499224041
17,1,5,0.976181818,0.45,1.4855,0.052,0.147,0.108,2.576,0.97,4.005,0.278164117,0.227588823,0.202301176,0.402594481,0.151844631,0.445560888,0.02112377,16.1,0.042267758,0.83792625,0.024905543,0.388347408,0.019005848,0.375555965,0.315000326,0.463136021,0.590965805,0.039473684,0.583890388,0.229091146,0.51256365,0.020686787,0.941520468,0.040553646,0.455908527,0.02430033,1.521745204,2.076923077,1.554736025,0.727272727,1.106723785,0.603449231,0.675,0.608570126,0.421052632,0.525329325,0.396550769,0.325,0.391429874,0.578947368,0.474670675
17,2,5,0.985095238,0.3136,0.578470588,0.006,0.054,0.092,3.143,0.682,1.396,0.531040587,0.25287647,0.429889999,0.614641828,0.093175268,0.292182904,0.003837382,32.07142857,0.116995062,0.639631871,0.004231669,0.627622761,0.00185128,0.619916142,0.337046131,0.674939495,0.368554525,0.028386301,0.275342963,0.272846868,0.320846667,0.003822713,0.969762419,0.104740895,0.390107,0.004213838,0.587223007,15.33333333,0.444161629,0.80952381,0.475371006,0.36996881,0.93877551,0.307556731,0.447368421,0.322204384,0.63003119,0.06122449,0.692443269,0.552631579,0.677795616
17,3,5,0.896428571,0.663714286,0.590277778,0.01,0.172,0.125,2.185,1.748,1.94,0.444868128,0.444868128,0.571973308,0.386546339,0.286198294,0.327255367,0.006726278,16.18518519,0.107846819,0.380144166,0.009423174,0.598934168,0.004310345,0.478131959,0.31699587,0.536476511,0.394384495,0.05387931,0.424519909,0.407566118,0.454188282,0.006681337,0.941810345,0.097348133,0.275438012,0.009335207,0.658477202,12.5,0.887871854,1.285714286,0.846613546,0.397037235,0.925925926,0.47030303,0.5625,0.458468177,0.602962765,0.074074074,0.52969697,0.4375,0.541531823
17,4,5,0.920769231,0.582166667,0.904818182,0.062,0.033,0.113,2.526,1.689,2.534,0.413091833,0.381315539,0.349539244,0.414057906,0.241654848,0.344287246,0.033961671,14.43428571,0.081638702,0.542933429,0.044783924,0.487802167,0.022954461,0.461530717,0.351062889,0.52259793,0.479351672,0.041836357,0.462992414,0.297053214,0.434537777,0.032846161,0.935209182,0.075476869,0.351883898,0.042864293,0.982676388,1.822580645,1.003167063,0.846153846,0.831495405,0.495631256,0.645714286,0.500790514,0.458333333,0.453998084,0.504368744,0.354285714,0.499209486,0.541666667,0.546001916
18,1,5,0.9474,0.45,1.033692308,0.06,0.147,0.052,2.507,0.97,3.223,0.25287647,0.227588823,0.328739411,0.351383429,0.150211409,0.498405163,0.030286322,22.38392857,0.044132019,0.604150334,0.035639832,0.464163231,0.022909507,0.41902921,0.271036074,0.399265362,0.506440744,0.019854906,0.538704086,0.352346896,0.566321293,0.029396025,0.957235586,0.042266704,0.37661703,0.034413346,1.091083289,0.866666667,1.285600319,1.3,1.418408275,0.521778972,0.464285714,0.562478185,0.565217391,0.586504888,0.478221028,0.535714286,0.437521815,0.434782609,0.413495112
18,2,3,0.507111111,0.3136,1.969230769,0.058,0.054,0.006,1.396,0.682,7.95,0.227588823,0.25287647,0.328739411,0.137057057,0.094174174,0.768768769,0.023421645,21.8125,0.024351468,0.24636006,0.025856676,0.200095778,0.039726027,0.145817835,0.328228513,0.147492526,0.777018596,0.004109589,0.830409593,0.474107852,0.827302514,0.022885626,0.956164384,0.023772571,0.197663635,0.025204959,3.883233331,0.103448276,5.694842407,1.444444444,5.609114812,0.795217649,0.09375,0.850631286,0.590909091,0.848693807,0.204782351,0.90625,0.149368714,0.409090909,0.151306193
18,3,5,0.494153846,0.663714286,1.450222222,0.11,0.172,0.17,1.328,1.748,2.751,0.413091833,0.444868128,0.285986654,0.223303671,0.322997775,0.453698554,0.056573418,4.742857143,0.10127282,0.319425751,0.083564597,0.24053719,0.06840796,0.295630644,0.447853235,0.304404424,0.705918573,0.105721393,0.612409564,0.31005224,0.618475489,0.053544237,0.825870647,0.091959793,0.242094525,0.077120088,2.934758544,1.545454545,2.071536145,0.692307692,2.031755915,0.745854799,0.607142857,0.674430007,0.409090909,0.670158143,0.254145201,0.392857143,0.325569993,0.590909091,0.329841857
18,4,4,1.02875,0.582166667,1.0885,0.113,0.033,0.265,2.261,1.689,2.845,0.254210359,0.381315539,0.317762949,0.31531359,0.26765258,0.41703383,0.053371118,5.981481481,0.049786596,0.551273259,0.072876775,0.461271158,0.04281925,0.421811804,0.286503001,0.401306033,0.488061876,0.100416825,0.530762752,0.358128752,0.530767457,0.050666966,0.856763926,0.047425445,0.355368247,0.06792651,1.058080194,2.345132743,1.258292791,1.25,1.322600243,0.514110285,0.701058201,0.557187622,0.555555556,0.569448077,0.485889715,0.298941799,0.442812378,0.444444444,0.430551923
19,1,5,0.77,0.645461538,0.978642857,0.012,0.087,0.013,2.77,1.596,5.245,0.354027058,0.328739411,0.354027058,0.327938671,0.255262838,0.416798491,0.006862465,110.8,0.044170562,0.463154813,0.009214613,0.437340257,0.004293381,0.330982321,0.341727339,0.436320961,0.55584405,0.004651163,0.626715622,0.341727339,0.55454856,0.006815692,0.991055456,0.042302057,0.316545323,0.009130479,1.27096475,1.083333333,1.893501805,1,1.27096475,0.559658511,0.52,0.654398004,0.5,0.559658511,0.440341489,0.48,0.345601996,0.5,0.440341489
19,2,5,0.879875,0.46675,2.084727273,0.077,0.067,0.202,1.61,1.127,7.229,0.202301176,0.303451764,0.278164117,0.197880355,0.157455302,0.644664343,0.02597313,5.770609319,0.022887337,0.411851508,0.030827005,0.289280097,0.040762308,0.178071714,0.298227278,0.227836838,0.685404299,0.106934886,0.799553058,0.410062507,0.742258042,0.025315604,0.852302806,0.022375228,0.291710216,0.02990512,2.369344819,2.623376623,4.490062112,1.375,3.257849126,0.703206394,0.724014337,0.817852698,0.578947368,0.765139635,0.296793606,0.275985663,0.182147302,0.421052632,0.234860365
19,3,5,0.789666667,0.70425,4.735833333,0.022,0.337,0.578,2.395,1.145,10.83,0.190657769,0.12710518,0.190657769,0.131720879,0.078315263,0.789963859,0.00398154,3.991666667,0.014416466,0.345438004,0.00431985,0.142346402,0.007345576,0.178522741,0.371626191,0.142298452,0.853687847,0.192988314,0.807265673,0.371626191,0.853400278,0.00396575,0.79966611,0.014211586,0.256747619,0.00430127,5.997256226,26.27272727,4.521920668,1,5.997256226,0.85708684,0.963333333,0.818903592,0.5,0.85708684,0.14291316,0.036666667,0.181096408,0.5,0.14291316
19,4,5,0.926,0.817333333,2.653125,0.053,0.711,0.453,1.478,0.924,5.478,0.254210359,0.095328885,0.254210359,0.2383143,0.078880489,0.682805212,0.014808089,2.920948617,0.03654548,0.468734438,0.016076186,0.254947173,0.02671371,0.204987084,0.340429139,0.25462899,0.730460818,0.228326613,0.759755919,0.340429139,0.729549179,0.014592009,0.744959677,0.035256996,0.319141722,0.015821831,2.865145788,8.547169811,3.706359946,1,2.865145788,0.741277547,0.895256917,0.787521564,0.5,0.741277547,0.258722453,0.104743083,0.212478436,0.5,0.258722453
20,1,3,0.9575,0.645461538,1.094357143,0.012,0.087,0.119,2.243,1.596,2.965,0.303451764,0.328739411,0.354027058,0.326401909,0.238367138,0.435230953,0.00584836,17.1221374,0.058266468,0.49644475,0.007678713,0.46393715,0.00505476,0.406970812,0.308423322,0.425289765,0.530248494,0.050126369,0.537970779,0.35982721,0.567090035,0.005814356,0.944818871,0.055058409,0.331749468,0.0076202,1.142931742,9.916666667,1.321890325,1.166666667,1.333420366,0.533349579,0.908396947,0.569316436,0.538461538,0.571444556,0.466650421,0.091603053,0.430683564,0.461538462,0.428555444
20,2,3,1.086294118,0.46675,1.057071429,0.197,0.067,0.096,2.697,1.127,3.163,0.429889999,0.303451764,0.354027058,0.475133146,0.144106826,0.380760028,0.091911527,9.204778157,0.073360068,0.606101299,0.107386681,0.464155747,0.065886288,0.428783333,0.341439919,0.501298575,0.451669369,0.032107023,0.50287048,0.281185815,0.40172836,0.084174885,0.902006689,0.068346187,0.377374266,0.096973065,0.973098732,0.487309645,1.172784575,0.823529412,0.801375426,0.49318299,0.327645051,0.539761092,0.451612903,0.444868635,0.50681701,0.672354949,0.460238908,0.548387097,0.555131365
20,3,3,1.605928571,0.70425,0.810571429,0.06,0.337,0.022,4.927,1.145,3.32,0.444868128,0.12710518,0.444868128,0.613485047,0.076866405,0.309648548,0.024829299,60.08536585,0.053943025,0.689513372,0.026896755,0.648467019,0.011978439,0.566851674,0.295943204,0.647161456,0.327305241,0.004392094,0.381966218,0.295943204,0.326646275,0.024227741,0.983629467,0.051182107,0.408113593,0.026192268,0.504736912,0.366666667,0.673838035,1,0.504736912,0.335432,0.268292683,0.402570632,0.5,0.335432,0.664568,0.731707317,0.597429368,0.5,0.664568
20,4,3,1.226285714,0.817333333,1.053285714,0.001,0.711,0.053,4.338,0.924,3.768,0.444868128,0.095328885,0.444868128,0.499563522,0.07134959,0.429086888,0.000438679,80.33333333,0.054881338,0.561473716,0.000472383,0.537709847,0.000227687,0.50731691,0.320210321,0.537691733,0.461851666,0.012067395,0.440657012,0.320210321,0.461836107,0.000438487,0.987704918,0.052026078,0.359579358,0.00047216,0.858923579,53,0.868603043,1,0.858923579,0.462054271,0.981481481,0.464840859,0.5,0.462054271,0.537945729,0.018518519,0.535159141,0.5,0.537945729
21,1,3,0.947083333,0.5506875,1.253066667,0.112,0.028,0.003,2.269,2.405,5.67,0.303451764,0.404602352,0.379314705,0.291619624,0.226085395,0.482294981,0.05090562,19.73043478,0.03822292,0.427114742,0.065776792,0.409611545,0.046979866,0.275282169,0.311428669,0.353555375,0.541948691,0.001258389,0.687902115,0.389285836,0.584727394,0.048439764,0.951761745,0.036815716,0.299285495,0.061717231,1.32307963,0.026785714,2.498898193,1.25,1.653849538,0.569536926,0.026086957,0.714195743,0.555555556,0.623188886,0.430463074,0.973913043,0.285804257,0.444444444,0.376811114
21,2,3,1.193333333,0.963333333,2.307272727,0.28,0.121,0.29,2.306,2.887,5.985,0.151725882,0.151725882,0.278164117,0.186847599,0.150835073,0.662317328,0.07998615,4.045614035,0.01830007,0.434640489,0.094193892,0.31564604,0.097357441,0.273134534,0.246013673,0.201094961,0.61029176,0.100834492,0.70889427,0.451025068,0.712819847,0.074062199,0.801808067,0.017971196,0.302961259,0.086085193,1.933468766,1.035714286,2.595403296,1.833333333,3.544692737,0.659106648,0.50877193,0.721867085,0.647058824,0.779963122,0.340893352,0.49122807,0.278132915,0.352941176,0.220036878
21,3,4,0.763933333,0.717363636,0.889,0.177,0.063,0.05,2.586,2.348,2.519,0.476644423,0.349539244,0.635525898,0.308618368,0.212523566,0.478858066,0.107082359,11.39207048,0.093368153,0.277492001,0.135981668,0.417465117,0.062922147,0.463304325,0.335478757,0.344995064,0.485810048,0.017774618,0.451300694,0.447305009,0.535300832,0.096724835,0.919303235,0.085394982,0.217216234,0.119704104,1.163714111,0.282485876,0.974091261,1.333333333,1.551618815,0.537831733,0.220264317,0.493437806,0.571428571,0.608091932,0.462168267,0.779735683,0.506562194,0.428571429,0.391908068
21,4,4,0.755470588,0.821714286,1.413666667,0.114,0.112,0.292,2.587,2.272,5.248,0.540197013,0.222434064,0.476644423,0.322688442,0.144522613,0.532788945,0.052555457,6.371921182,0.068946651,0.317343915,0.061434069,0.330891446,0.038088874,0.308888256,0.403273583,0.355370892,0.619177259,0.097560976,0.626612125,0.355829632,0.586750742,0.049931295,0.86435015,0.064499619,0.240896786,0.057878366,1.871239845,2.561403509,2.028604561,0.882352941,1.651093981,0.651718403,0.719211823,0.669814933,0.46875,0.622797227,0.348281597,0.280788177,0.330185067,0.53125,0.377202773
22,1,4,0.634238095,0.5506875,0.943611111,0.003,0.028,0.112,2.997,2.405,3.04,0.531040587,0.404602352,0.455177646,0.340508756,0.225258852,0.434232392,0.001901322,26.06086957,0.087964318,0.345267148,0.002454139,0.401200882,0.00096401,0.456300469,0.40026365,0.43843695,0.596901404,0.035989717,0.462847323,0.343083128,0.559114919,0.001897714,0.963046272,0.080852208,0.256653222,0.002448131,1.487786871,37.33333333,1.014347681,0.857142857,1.275245889,0.598036306,0.973913043,0.503561372,0.461538462,0.560487064,0.401963694,0.026086957,0.496438628,0.538461538,0.439512936
22,2,5,1.207,0.963333333,8.021,0.29,0.121,2.225,5.985,2.887,19.532,0.202301176,0.151725882,0.075862941,0.244461885,0.146332819,0.609205296,0.031426094,2.37972167,0.007928094,0.878840477,0.036813052,0.126812356,0.034117647,0.232704612,0.387085937,0.276199008,0.842719059,0.261764706,0.759429654,0.145157227,0.688295023,0.030468586,0.704117647,0.007865734,0.467756836,0.035505969,6.645401823,7.672413793,3.263492063,0.375,2.492025684,0.869202427,0.884691849,0.765450484,0.272727273,0.713633263,0.130797573,0.115308151,0.234549516,0.727272727,0.286366737
22,3,5,0.761722222,0.717363636,1.203076923,0.05,0.063,0.26,2.187,2.348,4.025,0.571973308,0.349539244,0.413091833,0.368159605,0.211884432,0.419955964,0.025447894,7.05483871,0.092075549,0.373741379,0.032289546,0.378063602,0.020024029,0.322377448,0.422674289,0.452527211,0.597120029,0.10412495,0.593310117,0.305264765,0.516193245,0.024816369,0.875851021,0.084312435,0.272060946,0.031279544,1.579416863,5.2,1.840420668,0.722222222,1.140689957,0.612315476,0.838709677,0.647939472,0.419354839,0.532860891,0.387684524,0.161290323,0.352060528,0.580645161,0.467139109
22,4,5,1.076909091,0.821714286,1.613384615,0.135,0.112,0.114,3.462,2.272,6.152,0.349539244,0.222434064,0.413091833,0.307113969,0.149123717,0.543762315,0.050180395,13.90361446,0.036357317,0.402703191,0.05897496,0.381167129,0.036378335,0.347466891,0.326750047,0.34083757,0.571050228,0.030719483,0.617451274,0.386159146,0.603471821,0.047782643,0.932902183,0.035081835,0.287090807,0.055690608,1.498162314,0.844444444,1.77700751,1.181818182,1.770555462,0.599705754,0.457831325,0.639900146,0.541666667,0.639061548,0.400294246,0.542168675,0.360099854,0.458333333,0.360938452
23,1,4,1.3739,0.31175,1.8796,0.167,0.19,0.477,5.188,0.588,5.105,0.25287647,0.101150588,0.25287647,0.406695874,0.036913149,0.556390977,0.051329338,8.055900621,0.02456781,0.804139416,0.053296686,0.401666423,0.028635117,0.491945834,0.277140445,0.40091619,0.549510306,0.081790123,0.48407546,0.277140445,0.54848393,0.048823271,0.88957476,0.023978706,0.445719111,0.05059988,1.368076279,2.856287425,0.984001542,1,1.368076279,0.577716306,0.74068323,0.495968134,0.5,0.577716306,0.422283694,0.25931677,0.504031866,0.5,0.422283694
23,2,2,1.296636364,0.058,2.165090909,0.607,0.058,0.132,4.25,0.058,6.688,0.278164117,0.025287647,0.278164117,0.373993759,0.001520833,0.624485408,0.175345991,5.751014885,0.025430985,0.672253782,0.175613069,0.318683528,0.121667669,0.378917423,0.298997679,0.318611129,0.53212977,0.026458208,0.596282288,0.298997679,0.53200888,0.149186701,0.851874123,0.024800289,0.402004642,0.149379991,1.669774942,0.217462932,1.573647059,1,1.669774942,0.625436592,0.178619756,0.611446334,0.5,0.625436592,0.374563408,0.821380244,0.388553666,0.5,0.374563408
23,3,2,0.612052632,0.501714286,0.800210526,0.008,0.148,0.147,1.38,0.807,3.791,0.603749603,0.222434064,0.603749603,0.383226232,0.115735706,0.501038062,0.005664667,8.903225806,0.116756837,0.317371829,0.006406079,0.430943117,0.005211726,0.2389714,0.379543565,0.430625644,0.563424125,0.095765472,0.656478681,0.379543565,0.563009054,0.005632759,0.899022801,0.104549919,0.240912871,0.006365302,1.307421102,18.375,2.747101449,1,1.307421102,0.566615734,0.948387097,0.733127055,0.5,0.566615734,0.433384266,0.051612903,0.266872945,0.5,0.433384266
23,4,4,0.940875,0.45675,2.4409,0.105,0.147,0.355,2.398,0.688,10.418,0.254210359,0.12710518,0.317762949,0.22293635,0.05411249,0.72295116,0.031048784,5.213043478,0.01983539,0.389767053,0.032825028,0.269841042,0.036738978,0.183470651,0.319797799,0.228199476,0.700045171,0.124212736,0.79707975,0.399747249,0.740018734,0.030113787,0.839048286,0.0194496,0.280454952,0.031781789,2.594287233,3.380952381,4.344453711,1.25,3.242859041,0.721780722,0.77173913,0.812890137,0.555555556,0.76430987,0.278219278,0.22826087,0.187109863,0.444444444,0.23569013
24,1,3,2.021333333,0.31175,3.2775,0.556,0.19,0.23,3.805,0.588,13.392,0.151725882,0.101150588,0.151725882,0.367070218,0.037742131,0.595187651,0.104928758,4.840966921,0.008822811,1.209649314,0.109044323,0.345241823,0.121106513,0.219324464,0.22628025,0.343960661,0.559793902,0.050098018,0.771929886,0.22628025,0.557716557,0.094964275,0.828795469,0.00874565,0.547439499,0.098322782,1.621454485,0.413669065,3.519579501,1,1.621454485,0.618532381,0.292620865,0.778740478,0.5,0.618532381,0.381467619,0.707379135,0.221259522,0.5,0.381467619
24,2,4,1.307444444,0.058,2.646666667,0.115,0.058,0.282,2.473,0.058,10.583,0.227588823,0.025287647,0.227588823,0.330116426,0.001627157,0.668256417,0.029083654,6.229219144,0.017431742,0.725247448,0.029131055,0.321309595,0.040069686,0.186169569,0.289813499,0.321294796,0.650428704,0.09825784,0.796697349,0.289813499,0.650398746,0.028261701,0.861672474,0.017133082,0.420373001,0.028306458,2.02430526,2.452173913,4.279417711,1,2.02430526,0.669345548,0.710327456,0.810585172,0.5,0.669345548,0.330654452,0.289672544,0.189414828,0.5,0.330654452
24,3,4,0.751636364,0.501714286,1.742083333,0.147,0.148,0.168,2.331,0.807,6.064,0.349539244,0.222434064,0.381315539,0.252960073,0.107449901,0.639590026,0.058948085,7.4,0.041636598,0.34611537,0.066044567,0.284633149,0.055555556,0.26656636,0.355289658,0.265854499,0.659700208,0.063492063,0.693461351,0.387588718,0.672192587,0.055666643,0.880952381,0.039972288,0.257121624,0.061952914,2.317720932,1.142857143,2.601458601,1.090909091,2.528422835,0.698588272,0.533333333,0.722334723,0.52173913,0.716587255,0.301411728,0.466666667,0.277665277,0.47826087,0.283412745
24,4,4,0.998384615,0.45675,1.824454545,0.37,0.147,0.105,2.855,0.688,7.905,0.413091833,0.12710518,0.349539244,0.372157706,0.052387097,0.575455197,0.131073709,6.010526316,0.038391434,0.487991792,0.138319887,0.312694929,0.111111111,0.255524616,0.364025305,0.345010035,0.571420749,0.031531532,0.707503359,0.308021412,0.533477648,0.115884322,0.857357357,0.036972025,0.327953282,0.121512317,1.82740651,0.283783784,2.76882662,0.846153846,1.546267047,0.646318986,0.221052632,0.734665428,0.458333333,0.607268216,0.353681014,0.778947368,0.265334572,0.541666667,0.392731784
25,1,4,0.738363636,0.378818182,0.952571429,0.01,0.095,0.063,2.365,0.8,2.638,0.278164117,0.278164117,0.354027058,0.316956098,0.162614634,0.520429268,0.005913888,32.39726027,0.055599464,0.501361155,0.007062325,0.434092783,0.004101723,0.447817933,0.293067393,0.375852458,0.560028098,0.025840853,0.499511082,0.372994864,0.617134743,0.005879119,0.970057424,0.052670985,0.333937743,0.007012798,1.290111514,6.3,1.115433404,1.272727273,1.641960108,0.563340041,0.863013699,0.52728363,0.56,0.621493149,0.436659959,0.136986301,0.47271637,0.44,0.378506851
25,2,3,0.783428571,0.3869,0.827782609,0.088,0.115,0.012,1.939,0.838,2.932,0.531040587,0.25287647,0.581615881,0.417987805,0.098297764,0.483714431,0.054617297,19.39,0.109020855,0.37566654,0.060571323,0.461054271,0.043158411,0.358938436,0.346939257,0.437079648,0.487156993,0.005885238,0.542757862,0.379981091,0.505808377,0.051788736,0.950956351,0.098303702,0.273079652,0.057111975,1.056615292,0.136363636,1.512119649,1.095238095,1.15724532,0.513764191,0.12,0.601929789,0.522727273,0.53644586,0.486235809,0.88,0.398070211,0.477272727,0.46355414
25,3,2,0.9263,0.1575,1.719545455,0.185,0.022,0.17,1.503,0.305,6.375,0.317762949,0.12710518,0.349539244,0.321542627,0.021868925,0.656588448,0.06992094,4.233802817,0.040335485,0.481854594,0.071484223,0.327216733,0.099569429,0.183387442,0.32134764,0.306800257,0.607431766,0.091496233,0.777840945,0.353482404,0.626484601,0.065351501,0.808934338,0.038771613,0.325169957,0.066715143,1.856359122,0.918918919,4.241516966,1.1,2.041995034,0.649903966,0.478873239,0.809215537,0.523809524,0.671268365,0.350096034,0.521126761,0.190784463,0.476190476,0.328731635
25,4,3,0.734545455,0.4442,1.132583333,0.174,0.28,0.185,1.875,0.816,2.16,0.349539244,0.158881474,0.381315539,0.338188515,0.092959987,0.568851498,0.093191215,5.222841226,0.086626826,0.462730112,0.102742121,0.359872174,0.077887198,0.427639005,0.326964534,0.338110334,0.554880878,0.082811101,0.492640134,0.356688583,0.568719994,0.085246948,0.839301701,0.079720861,0.316346883,0.093169671,1.541883251,1.063218391,1.152,1.090909091,1.682054455,0.606590901,0.515320334,0.535315985,0.52173913,0.627151493,0.393409099,0.484679666,0.464684015,0.47826087,0.372848507
26,1,3,0.43375,0.378818182,1.157307692,0.063,0.095,0.093,1.348,0.8,4.332,0.404602352,0.278164117,0.328739411,0.265371673,0.159337718,0.575290609,0.039596301,8.641025641,0.071232808,0.361866304,0.047101318,0.2622339,0.041888298,0.221542826,0.405123569,0.301470134,0.699677948,0.061835106,0.71196107,0.3291629,0.653547287,0.038088152,0.896276596,0.066496104,0.265713531,0.044982579,2.668144536,1.476190476,3.213649852,0.8125,2.167867435,0.727382607,0.596153846,0.762676056,0.448275862,0.684330225,0.272617393,0.403846154,0.237323944,0.551724138,0.315669775
26,2,4,0.951583333,0.3869,2.3447,0.012,0.115,0.11,2.932,0.838,7.897,0.303451764,0.25287647,0.25287647,0.294797986,0.099883826,0.605318188,0.003640464,24.03278689,0.028022141,0.52989938,0.004044438,0.287636589,0.003929273,0.263374148,0.356529686,0.32619178,0.708736152,0.036018337,0.709367547,0.297108072,0.669780074,0.003627259,0.96005239,0.027258305,0.346362243,0.004028146,2.463998599,9.166666667,2.693383356,0.833333333,2.053332166,0.71131628,0.901639344,0.729245544,0.454545455,0.672488958,0.28868372,0.098360656,0.270754456,0.545454545,0.327511042
26,3,4,0.981307692,0.1575,1.362166667,0.302,0.022,0.132,2.008,0.305,4.92,0.413091833,0.12710518,0.381315539,0.429051895,0.021188578,0.549759526,0.128868489,4.626728111,0.059626419,0.540090526,0.131658138,0.370938274,0.123669124,0.273528795,0.33764249,0.387342852,0.514904506,0.054054054,0.670200034,0.311669991,0.496316238,0.114157221,0.822276822,0.056271171,0.350687519,0.11634091,1.388113715,0.437086093,2.450199203,0.923076923,1.281335737,0.581259471,0.304147465,0.710161663,0.48,0.56166031,0.418740529,0.695852535,0.289838337,0.52,0.43833969
26,4,5,1.131,0.4442,1.9684,0.055,0.28,0.317,1.875,0.816,4.775,0.158881474,0.158881474,0.158881474,0.319166949,0.125352749,0.555480303,0.01774537,5.040322581,0.023891951,1.004418388,0.020288602,0.358546792,0.024477081,0.275375626,0.249448919,0.357653057,0.624017246,0.141076992,0.701289928,0.249448919,0.622461783,0.017435962,0.834445928,0.023334446,0.501102162,0.01988516,1.74040672,5.763636364,2.546666667,1,1.74040672,0.635090663,0.852150538,0.718045113,0.5,0.635090663,0.364909337,0.147849462,0.281954887,0.5,0.364909337
27,1,4,0.929444444,0.309,1.692583333,0.008,0.068,0.137,1.887,0.815,8.918,0.227588823,0.177013529,0.303451764,0.271247446,0.070138461,0.658614093,0.003051074,13.0137931,0.021063288,0.510784775,0.003281213,0.353397197,0.003937008,0.171038732,0.283674707,0.290753328,0.64356101,0.06742126,0.808332491,0.378232943,0.705976191,0.003041793,0.928641732,0.020628778,0.33809235,0.003270482,1.821069934,17.125,4.726020138,1.333333333,2.428093246,0.645524562,0.944827586,0.82535863,0.571428571,0.708292649,0.354475438,0.055172414,0.17464137,0.428571429,0.291707351
27,2,4,0.79475,0.579,2.545714286,0.02,0.123,0.1,2.795,1.43,9.408,0.202301176,0.126438235,0.177013529,0.234846526,0.106933107,0.658220367,0.005987192,23.29166667,0.016577987,0.619133725,0.00670408,0.236500058,0.006861063,0.225306904,0.329394247,0.261215126,0.757548383,0.034305317,0.758385457,0.288219966,0.73212544,0.005951559,0.958833619,0.016307639,0.382385788,0.006659434,3.203163618,5,3.366010733,0.875,2.802768166,0.76208397,0.833333333,0.770957961,0.466666667,0.737033667,0.23791603,0.166666667,0.229042039,0.533333333,0.262966333
27,3,5,0.845,0.540833333,1.164363636,0.119,0.14,0.151,2.225,1.495,6.225,0.317762949,0.190657769,0.349539244,0.344855732,0.132432763,0.522711505,0.05922273,8.240740741,0.037605083,0.516790947,0.068262986,0.397018623,0.047695391,0.253770547,0.313946017,0.372096963,0.547069879,0.060521042,0.709987261,0.345340619,0.564002119,0.055911498,0.891783567,0.036242192,0.340713365,0.063900918,1.377945132,1.268907563,2.797752809,1.1,1.515739645,0.57946885,0.559259259,0.736686391,0.523809524,0.602502587,0.42053115,0.440740741,0.263313609,0.476190476,0.397497413
27,4,5,0.516173913,0.412434783,0.636695652,0.115,0.055,0.047,1.48,1.096,1.914,0.730854782,0.730854782,0.730854782,0.329759458,0.263485362,0.40675518,0.099751094,9.135802469,0.215337296,0.225598481,0.135436675,0.407119097,0.070036541,0.35880051,0.407963952,0.394323772,0.502177566,0.02862363,0.464016335,0.407963952,0.486394653,0.090703337,0.901339829,0.177183155,0.184072096,0.119281575,1.233490566,0.408695652,1.293243243,1,1.233490566,0.552270327,0.290123457,0.563936358,0.5,0.552270327,0.447729673,0.709876543,0.436063642,0.5,0.447729673
28,1,4,0.769333333,0.309,0.7868,0.071,0.068,0.245,5.28,0.815,1.887,0.455177646,0.177013529,0.379314705,0.497896667,0.077769388,0.424333945,0.04562591,16.70886076,0.063510206,0.596646173,0.049473429,0.472815176,0.012687634,0.692715421,0.341625186,0.514432311,0.483549801,0.043781272,0.247567045,0.284687655,0.438426497,0.043635023,0.943531094,0.059717533,0.373687159,0.047141192,1.02270364,3.450704225,0.357386364,0.833333333,0.852253033,0.505612201,0.775316456,0.26329008,0.454545455,0.460116959,0.494387799,0.224683544,0.73670992,0.545454545,0.539883041
28,2,4,0.940909091,0.579,1.169846154,0.24,0.123,0.058,2.187,1.43,5.215,0.278164117,0.126438235,0.328739411,0.363757776,0.10174674,0.534495484,0.113703377,7.338926174,0.037579589,0.599366719,0.126582761,0.400258212,0.096579477,0.28475954,0.286571759,0.359459845,0.49764694,0.02334004,0.679021948,0.338675715,0.528180225,0.102094848,0.880080483,0.036218512,0.374752527,0.11235993,1.243314753,0.241666667,2.384545039,1.181818182,1.469371981,0.554231078,0.194630872,0.704539314,0.541666667,0.595038735,0.445768922,0.805369128,0.295460686,0.458333333,0.404961265
28,3,4,1.1622,0.540833333,1.715888889,0.225,0.14,0.345,3.825,1.495,2.73,0.317762949,0.190657769,0.285986654,0.383437809,0.107060376,0.509501815,0.078176877,6.710526316,0.048476422,0.635094098,0.087550014,0.374530038,0.051194539,0.55654473,0.321887156,0.394842235,0.552961565,0.078498294,0.39722016,0.289698441,0.524655707,0.072508397,0.870307167,0.04623511,0.388414403,0.080502058,1.476414463,1.533333333,0.71372549,0.9,1.328773017,0.596190373,0.605263158,0.416475973,0.473684211,0.570589322,0.403809627,0.394736842,0.583524027,0.526315789,0.429410678
28,4,4,0.528636364,0.412434783,0.633590909,0.038,0.055,0.11,1.638,1.096,4.54,0.699078487,0.730854782,0.699078487,0.33176437,0.270603338,0.397632292,0.032695843,11.06756757,0.113156116,0.237286926,0.044825874,0.440446885,0.021276596,0.238182537,0.404109984,0.435333464,0.527892445,0.061590146,0.660164052,0.404109984,0.521763814,0.03166067,0.917133259,0.101653411,0.191780032,0.042902722,1.198538263,2.894736842,2.771672772,1,1.198538263,0.545152333,0.743243243,0.734865652,0.5,0.545152333,0.454847667,0.256756757,0.265134348,0.5,0.454847667
29,1,5,1.168166667,0.155,3.554857143,0.668,0.045,0.195,1.928,0.295,12.783,0.151725882,0.101150588,0.177013529,0.215575308,0.019069295,0.765355396,0.141434815,2.234067207,0.010313771,0.655763505,0.144184308,0.216687351,0.239340738,0.129720484,0.278746608,0.192072284,0.659402976,0.069867431,0.860071033,0.325204377,0.681912784,0.123909673,0.690791831,0.010208483,0.396049015,0.126014933,3.043107841,0.291916168,6.630186722,1.166666667,3.550292481,0.752665514,0.225955968,0.868941608,0.538461538,0.780233907,0.247334486,0.774044032,0.131058392,0.461538462,0.219766093
29,2,1,0.7384,0.3905,8.55975,0.147,0.188,0.731,2.314,0.593,18.85,0.126438235,0.050575294,0.101150588,0.095370944,0.020174623,0.884454433,0.015809597,2.635535308,0.005974213,0.419049333,0.016135116,0.078177689,0.046052632,0.108687288,0.391498409,0.095789066,0.906258768,0.229010025,0.885373978,0.313198727,0.888332025,0.015563543,0.724937343,0.005938733,0.295302865,0.015878908,11.59229415,4.972789116,8.146067416,0.8,9.27383532,0.920586353,0.832574032,0.890663391,0.444444444,0.902665366,0.079413647,0.167425968,0.109336609,0.555555556,0.097334634
29,3,2,0.448,0.5695,4.369,0.008,0.37,0.142,1.238,0.769,8.2,0.095328885,0.06355259,0.095328885,0.086209108,0.073059654,0.840731238,0.001660785,8.253333333,0.010100539,0.452166774,0.001791685,0.092849741,0.005763689,0.1298602,0.34431307,0.092837609,0.905492228,0.102305476,0.860140262,0.34431307,0.905373911,0.001658031,0.891930836,0.009999538,0.31137386,0.00178848,9.752232143,17.75,6.62358643,1,9.752232143,0.906996056,0.946666667,0.868828142,0.5,0.906996056,0.093003944,0.053333333,0.131171858,0.5,0.093003944
29,4,3,0.580875,0.372142857,1.746,0.017,0.073,0.162,1.625,0.945,8.8,0.254210359,0.222434064,0.254210359,0.218991517,0.122761546,0.658246937,0.007305936,9.078212291,0.024384687,0.430728941,0.008328335,0.247826783,0.009423503,0.152164809,0.349472207,0.247575497,0.744920271,0.089800443,0.824030963,0.349472207,0.744164955,0.007252947,0.900776053,0.023804228,0.301055587,0.008259547,3.0058102,9.529411765,5.415384615,1,3.0058102,0.750362611,0.905027933,0.8441247,0.5,0.750362611,0.249637389,0.094972067,0.1558753,0.5,0.249637389
30,1,5,0.7889375,0.155,1.455466667,0.162,0.045,0.213,1.788,0.295,5.485,0.404602352,0.101150588,0.379314705,0.359885959,0.017676408,0.622437634,0.072179513,4.768,0.055630737,0.459086782,0.073478346,0.327849125,0.074895978,0.232885205,0.353734294,0.341284873,0.604830513,0.098474341,0.714415744,0.3316259,0.590266288,0.067320362,0.826629681,0.05269905,0.314639806,0.068448839,1.844844068,1.314814815,3.067673378,0.9375,1.729541313,0.648486885,0.568,0.754159219,0.483870968,0.633638079,0.351513115,0.432,0.245840781,0.516129032,0.366361921
30,2,5,1.036928571,0.3905,1.417,0.265,0.188,0.107,2.52,0.593,5.235,0.354027058,0.050575294,0.379314705,0.397149345,0.021366235,0.58148442,0.107990103,6.774193548,0.045651458,0.541561063,0.110347821,0.381373966,0.091632089,0.310764779,0.313162178,0.365489252,0.521161172,0.036998617,0.645576832,0.335530905,0.535129438,0.097464863,0.871369295,0.043658389,0.351306916,0.09938131,1.366535786,0.403773585,2.077380952,1.071428571,1.464145485,0.57744142,0.287634409,0.675048356,0.517241379,0.594179805,0.42255858,0.712365591,0.324951644,0.482758621,0.405820195
30,3,5,1.200615385,0.5695,1.103307692,0.187,0.37,0.08,2.865,0.769,4.728,0.413091833,0.06355259,0.413091833,0.502026375,0.036635574,0.461338051,0.081165904,10.73033708,0.054404298,0.607645001,0.084252545,0.481996171,0.059706258,0.357852503,0.311013936,0.480624028,0.442931258,0.025542784,0.590550308,0.311013936,0.441670325,0.075072571,0.914750958,0.051597189,0.377972127,0.077705646,0.91895182,0.427807487,1.65026178,1,0.91895182,0.478882174,0.299625468,0.622678783,0.5,0.478882174,0.521117826,0.700374532,0.377321217,0.5,0.521117826
30,4,5,0.637,0.372142857,1.894428571,0.079,0.073,0.058,2.166,0.945,6.457,0.444868128,0.222434064,0.444868128,0.234406624,0.068471547,0.697121829,0.031207675,15.81021898,0.051590877,0.263456302,0.03350158,0.244021234,0.034303083,0.238865406,0.395739844,0.243479617,0.725715537,0.025184542,0.712074758,0.395739844,0.724104777,0.03026323,0.940512375,0.049059837,0.208520312,0.032415606,2.973985198,0.734177215,2.981071099,1,2.973985198,0.748363431,0.423357664,0.748811319,0.5,0.748363431,0.251636569,0.576642336,0.251188681,0.5,0.251636569
31,1,3,1.02672,0.207,0.509761905,0.035,0.073,0.079,3.379,0.444,1.478,0.632191175,0.25287647,0.531040587,0.667689826,0.053845954,0.27846422,0.022779312,29.64035088,0.130160835,0.573995526,0.02407569,0.653345099,0.01002004,0.615573386,0.345285772,0.689097781,0.32438293,0.022616662,0.269256426,0.290040049,0.287392541,0.022271971,0.967363298,0.115170187,0.364674179,0.023509678,0.496495544,2.257142857,0.437407517,0.84,0.417056257,0.33177215,0.692982456,0.304303068,0.456521739,0.294311715,0.66822785,0.307017544,0.695696932,0.543478261,0.705688285
31,2,3,0.831545455,0.493285714,0.6128,0.044,0.061,0.035,3.255,1.473,1.625,0.556328234,0.354027058,0.50575294,0.488413071,0.184376335,0.327210594,0.030463626,41.20253165,0.114001687,0.459864164,0.037350101,0.558704602,0.013197361,0.598749719,0.358807029,0.577260853,0.411732369,0.0104979,0.29891499,0.326188208,0.386733848,0.029563029,0.976304739,0.102335291,0.315004763,0.036005299,0.736941074,0.795454545,0.499231951,0.909090909,0.669946431,0.42427523,0.443037975,0.332991803,0.476190476,0.401178396,0.57572477,0.556962025,0.667008197,0.523809524,0.598821604
31,3,3,1.055272727,0.803142857,0.828583333,0.161,0.188,0.187,3.197,1.511,2.193,0.349539244,0.222434064,0.381315539,0.427188754,0.206896552,0.365914695,0.085463005,9.186781609,0.064849581,0.584505655,0.107757702,0.516062107,0.045416079,0.557013353,0.301836013,0.486233855,0.405203745,0.052750353,0.38208642,0.329275651,0.416490629,0.078734148,0.901833568,0.060900227,0.368888336,0.097275516,0.785184068,1.161490683,0.685955583,1.090909091,0.856564438,0.439833674,0.537356322,0.406864564,0.52173913,0.461370702,0.560166326,0.462643678,0.593135436,0.47826087,0.538629298
31,4,4,1.326666667,0.5295,0.562,0.275,0.11,0.082,3.411,1.09,1.152,0.381315539,0.190657769,0.285986654,0.659076796,0.131525564,0.20939764,0.145605365,9.554621849,0.08356685,0.987673655,0.167656478,0.613156678,0.072983015,0.689883154,0.287486112,0.649925967,0.259744261,0.021762208,0.232994838,0.215614584,0.206490298,0.12709906,0.905254777,0.077122007,0.496899304,0.143583735,0.42361809,0.298181818,0.337730871,0.75,0.317713568,0.297564419,0.229691877,0.252465483,0.428571429,0.241109734,0.702435581,0.770308123,0.747534517,0.571428571,0.758890266
32,1,5,0.130285714,0.207,2.554818182,0.001,0.073,0.332,0.362,0.444,4.531,0.177013529,0.25287647,0.278164117,0.029338909,0.066591604,0.904069487,0.000372425,1.087087087,0.036176891,0.064455954,0.000398995,0.048503602,0.001438849,0.071400204,0.365340517,0.031419482,0.951124112,0.477697842,0.893685978,0.574106527,0.968181683,0.000372286,0.520863309,0.034913818,0.060552956,0.000398836,19.60935008,332,12.51657459,1.571428571,30.81469298,0.951478334,0.996996997,0.926016759,0.611111111,0.968567982,0.048521666,0.003003003,0.073983241,0.388888889,0.031432018
32,2,4,0.343875,0.493285714,2.5165,0.035,0.061,0.559,0.799,1.473,5.058,0.202301176,0.354027058,0.25287647,0.07900178,0.198322899,0.72267532,0.012236158,1.345117845,0.034540068,0.173562523,0.0152632,0.118766999,0.025125628,0.131863391,0.378713904,0.097064128,0.869144757,0.401292175,0.834749727,0.47339238,0.887902135,0.012088244,0.573582197,0.033386882,0.147893716,0.015033737,7.318066158,15.97142857,6.330413016,1.25,9.147582697,0.879779749,0.941077441,0.863582039,0.555555556,0.901454363,0.120220251,0.058922559,0.136417961,0.444444444,0.098545637
32,3,4,0.412166667,0.803142857,3.1762,0.035,0.188,0.218,1.354,1.511,8.12,0.190657769,0.222434064,0.158881474,0.103144811,0.234484484,0.662370704,0.009753741,5.351778656,0.020124316,0.295087929,0.012741402,0.113752403,0.021779714,0.14009808,0.421171824,0.133043856,0.876588072,0.135656503,0.840174603,0.35097652,0.854375042,0.009659525,0.842563783,0.019727317,0.227851656,0.012581102,7.706105944,6.228571429,5.99704579,0.833333333,6.421754953,0.885138085,0.861660079,0.857082542,0.454545455,0.865260979,0.114861915,0.138339921,0.142917458,0.545454545,0.134739021
32,4,5,0.5275,0.5295,2.600285714,0.082,0.11,0.275,1.152,1.09,7.18,0.12710518,0.190657769,0.222434064,0.089829282,0.1352548,0.774915918,0.02621663,3.226890756,0.015255062,0.256993409,0.030317173,0.164341189,0.054340623,0.136184617,0.289290589,0.100822817,0.810111934,0.182239894,0.848789541,0.506258531,0.869752095,0.025546877,0.763419483,0.015025842,0.20445088,0.029425087,4.929451591,3.353658537,6.232638889,1.75,8.626540284,0.831350339,0.770308123,0.861737878,0.636363636,0.89612052,0.168649661,0.229691877,0.138262122,0.363636364,0.10387948
