ID,SECTION,ANSWER,1,2,3,4,5,6,7,8,9,10,11,12,13,14,15,16,17,18,19,20,21,22,23,24,25,26,27,28,29,30,31,32,33,34,35,36,37,38,39,40,41,42,43,44,45,46,47,48,49,50,51,52,53,54,55,56,57,58,59,60,61,62,63,64,65,66,67,68,69,70,71,72,73,74,75,76,77,78,79,80
11,1,2,0.8359,0.765769231,0.40175,0.341333333,0.002,0.1,0.012,0.034,2.329,2.129,1.233,1.28,0.50575294,0.328739411,0.404602352,0.455177646,0.425990572,0.253662887,0.163791566,0.156554975,0.94333554,8,0.943851769,0.805555556,0.707811285,0.521893025,0.019607843,0.522431584,0.606060606,0.626776141,0.478106975,0.980392157,0.477568416,0.393939394,0.373223859,0.17037539,0.298245614,0.224916535,0.367346939,0.185613728,0.356498171,0.013513514,0.334098408,0.298507463,0.425990572,0.326588503,0.675675676,0.305408119,0.194029851,0.253662887,0.171340041,0.081081081,0.176875628,0.23880597,0.163791566,0.145573285,0.22972973,0.183617845,0.268656716,0.156554975,0.324607118,0.857142857,0.346153846,0.444444444,0.277715372,0.675392882,0.142857143,0.653846154,0.555555556,0.722284628,0.344105681,0.107142857,0.366745985,0.551724138,0.392357932,0.655894319,0.892857143,0.633254015,0.448275862,0.607642068
11,2,2,0.804117647,0.685333333,0.378785714,0.4441875,0.012,0.087,0.004,0.063,1.848,1.683,0.976,0.856,0.429889999,0.303451764,0.354027058,0.404602352,0.398495802,0.239738806,0.154588386,0.207177006,0.899582402,5.6875,0.941572238,0.838709677,0.712960523,0.539875201,0.121212121,0.523364486,0.586206897,0.624371974,0.460124799,0.878787879,0.476635514,0.413793103,0.375628026,0.237757615,0.611650485,0.189926781,0.372093023,0.261315586,0.347737949,0.072289157,0.344583256,0.288135593,0.398495802,0.296370076,0.524096386,0.313816894,0.203389831,0.239738806,0.163804597,0.024096386,0.181987693,0.237288136,0.154588386,0.192087378,0.379518072,0.159612157,0.271186441,0.207177006,0.320216957,0.25,0.345609065,0.451612903,0.279502451,0.679783043,0.75,0.654390935,0.548387097,0.720497549,0.355961784,0.043956044,0.367055284,0.538461538,0.392030753,0.644038216,0.956043956,0.632944716,0.461538462,0.607969247
11,3,2,0.815928571,0.7044375,0.429454545,0.3243,0.056,0.065,0.012,0.009,1.784,2.437,0.904,1.128,0.444868128,0.508420718,0.349539244,0.635525898,0.336921897,0.33243865,0.139334592,0.191304861,0.910476487,1.132352941,1.242931548,1.08,0.990586487,0.536665864,0.462809917,0.422648661,0.466666667,0.503348903,0.463334136,0.537190083,0.577351339,0.533333333,0.496651097,0.166322993,0.067669173,0.220097561,0.487804878,0.236559924,0.358788608,0.394366197,0.285303055,0.229508197,0.336921897,0.309762593,0.457746479,0.389732928,0.262295082,0.33243865,0.188844225,0.084507042,0.144570606,0.180327869,0.139334592,0.142604573,0.063380282,0.180393411,0.327868852,0.191304861,0.344837295,0.176470588,0.336309524,0.44,0.292562086,0.655162705,0.823529412,0.663690476,0.56,0.707437914,0.378743768,0.155844156,0.270577671,0.407407407,0.295342294,0.621256232,0.844155844,0.729422329,0.592592593,0.704657706
11,4,2,0.887875,0.467,0.391285714,0.285857143,0.008,0.005,0.017,0.073,3.037,1.185,1.15,0.828,0.508420718,0.603749603,0.444868128,0.667302193,0.411053241,0.256741898,0.158506944,0.173697917,0.670975668,0.88,0.557678529,1.1,0.729069295,0.655318756,0.615384615,0.719327333,0.457142857,0.615537935,0.344681244,0.384615385,0.280672667,0.542857143,0.384462065,0.16370609,2.433333333,0.154132539,0.428571429,0.210211157,0.436942518,0.077669903,0.48983871,0.228571429,0.411053241,0.229820815,0.048543689,0.191129032,0.271428571,0.256741898,0.192560175,0.165048544,0.185483871,0.2,0.158506944,0.140676492,0.708737864,0.133548387,0.3,0.173697917,0.305892536,0.68,0.274659661,0.466666667,0.278297094,0.694107464,0.32,0.725340339,0.533333333,0.721702906,0.455892144,0.772727273,0.492505353,0.424242424,0.38171556,0.544107856,0.227272727,0.507494647,0.575757576,0.61828444
25,1,4,0.542909091,0.3805,0.378818182,0.654647059,0.01,0.063,0.095,0.093,1.357,1.348,0.8,2.157,0.278164117,0.404602352,0.278164117,0.429889999,0.21830677,0.222547156,0.152324901,0.406821173,0.823799191,1.504761905,0.995827538,1.227272727,1.011440971,0.587939946,0.136986301,0.501663586,0.407407407,0.495190713,0.412060054,0.863013699,0.498336414,0.592592593,0.504809287,0.502713368,0.553571429,0.615406562,0.447368421,0.685832255,0.277436871,0.038314176,0.239667962,0.2,0.21830677,0.194442736,0.24137931,0.238078418,0.290909091,0.222547156,0.193583295,0.363984674,0.141292829,0.2,0.152324901,0.334537097,0.356321839,0.380960791,0.309090909,0.406821173,0.410987277,0.904761905,0.370885489,0.5,0.410987277,0.589012723,0.095238095,0.629114511,0.5,0.589012723,0.498892547,0.601265823,0.372439479,0.407407407,0.406338372,0.501107453,0.398734177,0.627560521,0.592592593,0.593661628
25,2,3,0.711047619,0.7065,0.3869,0.52825,0.013,0.012,0.115,0.02,1.897,2.49,0.838,2.348,0.531040587,0.303451764,0.25287647,0.606903528,0.373701729,0.212178091,0.096829091,0.317291088,0.995858073,0.9921875,1.216819013,0.709677419,0.656720387,0.501604045,0.52,0.43241395,0.636363636,0.637847074,0.498395955,0.48,0.56758605,0.363636364,0.362152926,0.292748869,0.142857143,0.44937799,0.558139535,0.464753107,0.304817741,0.08125,0.25049518,0.313432836,0.373701729,0.30286823,0.075,0.328799683,0.179104478,0.212178091,0.165859474,0.71875,0.110656279,0.149253731,0.096829091,0.226454554,0.125,0.310048858,0.358208955,0.317291088,0.352384753,0.8984375,0.306398537,0.322580645,0.205786926,0.647615247,0.1015625,0.693601463,0.677419355,0.794213074,0.353850375,0.905511811,0.251802885,0.454545455,0.313355471,0.646149625,0.094488189,0.748197115,0.545454545,0.686644529
25,3,2,0.792,0.863769231,0.1575,0.5763,0.148,0.302,0.022,0.018,1.503,2.008,0.305,2.485,0.317762949,0.413091833,0.12710518,0.635525898,0.252994729,0.358696694,0.020124581,0.368183996,1.075586341,1.905882353,1.279314159,1.214285714,1.387017544,0.478327526,0.328888889,0.428083167,0.434782609,0.413598621,0.521672474,0.671111111,0.571916833,0.565217391,0.586401379,0.317823735,0.038135593,0.651205451,0.740740741,0.582739269,0.331440491,0.302040816,0.238533566,0.212765957,0.252994729,0.361474872,0.616326531,0.318679575,0.276595745,0.358696694,0.065911461,0.044897959,0.048405015,0.085106383,0.020124581,0.241173176,0.036734694,0.394381844,0.425531915,0.368183996,0.165876777,0.129411765,0.16869469,0.285714286,0.073684211,0.834123223,0.870588235,0.83130531,0.714285714,0.926315789,0.154219862,0.067901235,0.131863381,0.235294118,0.053124209,0.845780138,0.932098765,0.868136619,0.764705882,0.946875791
25,4,3,0.708909091,0.4512,0.4442,0.951,0.174,0.055,0.28,0.185,1.875,1.788,0.816,1.82,0.349539244,0.158881474,0.158881474,0.413091833,0.316502963,0.091565874,0.090145304,0.501785859,0.776509358,0.737885463,0.967670011,0.625,0.446850983,0.611071059,0.759825328,0.511875512,0.6875,0.775611697,0.388928941,0.240174672,0.488124488,0.3125,0.224388303,0.59277854,0.36345776,0.406340701,0.619047619,1.007169043,0.277425965,0.250720461,0.297666296,0.323529412,0.316502963,0.176573551,0.07925072,0.28385458,0.147058824,0.091565874,0.173834156,0.403458213,0.129544372,0.147058824,0.090145304,0.372166328,0.266570605,0.288934752,0.382352941,0.501785859,0.385219407,0.616740088,0.303232999,0.3125,0.22167881,0.614780593,0.383259912,0.696767001,0.6875,0.77832119,0.496091132,0.835820896,0.313364055,0.5,0.496091132,0.503908868,0.164179104,0.686635945,0.5,0.503908868
26,1,3,0.3805,0.542909091,0.378818182,0.654647059,0.063,0.01,0.095,0.093,1.348,1.357,0.8,2.157,0.404602352,0.278164117,0.278164117,0.429889999,0.222547156,0.21830677,0.152324901,0.406821173,1.213888057,0.664556962,1.004189944,0.814814815,0.988688445,0.412060054,0.863013699,0.498336414,0.592592593,0.504809287,0.587939946,0.136986301,0.501663586,0.407407407,0.495190713,0.502713368,0.553571429,0.615406562,0.447368421,0.685832255,0.194442736,0.24137931,0.238078418,0.290909091,0.222547156,0.277436871,0.038314176,0.239667962,0.2,0.21830677,0.193583295,0.363984674,0.141292829,0.2,0.152324901,0.334537097,0.356321839,0.380960791,0.309090909,0.406821173,0.498892547,0.601265823,0.372439479,0.407407407,0.406338372,0.501107453,0.398734177,0.627560521,0.592592593,0.593661628,0.410987277,0.904761905,0.370885489,0.5,0.410987277,0.589012723,0.095238095,0.629114511,0.5,0.589012723
26,2,4,0.7065,0.711047619,0.3869,0.52825,0.012,0.013,0.115,0.02,2.49,1.897,0.838,2.348,0.303451764,0.531040587,0.25287647,0.606903528,0.212178091,0.373701729,0.096829091,0.317291088,1.004159154,1.007874016,0.821814904,1.409090909,1.522718069,0.498395955,0.48,0.56758605,0.363636364,0.362152926,0.501604045,0.52,0.43241395,0.636363636,0.637847074,0.292748869,0.142857143,0.44937799,0.558139535,0.464753107,0.30286823,0.075,0.328799683,0.179104478,0.212178091,0.304817741,0.08125,0.25049518,0.313432836,0.373701729,0.165859474,0.71875,0.110656279,0.149253731,0.096829091,0.226454554,0.125,0.310048858,0.358208955,0.317291088,0.353850375,0.905511811,0.251802885,0.454545455,0.313355471,0.646149625,0.094488189,0.748197115,0.545454545,0.686644529,0.352384753,0.8984375,0.306398537,0.322580645,0.205786926,0.647615247,0.1015625,0.693601463,0.677419355,0.794213074
26,3,4,0.863769231,0.792,0.1575,0.5763,0.302,0.148,0.022,0.018,2.008,1.503,0.305,2.485,0.413091833,0.317762949,0.12710518,0.635525898,0.358696694,0.252994729,0.020124581,0.368183996,0.929725455,0.524691358,0.781668828,0.823529412,0.720971414,0.521672474,0.671111111,0.571916833,0.565217391,0.586401379,0.478327526,0.328888889,0.428083167,0.434782609,0.413598621,0.317823735,0.038135593,0.651205451,0.740740741,0.582739269,0.361474872,0.616326531,0.318679575,0.276595745,0.358696694,0.331440491,0.302040816,0.238533566,0.212765957,0.252994729,0.065911461,0.044897959,0.048405015,0.085106383,0.020124581,0.241173176,0.036734694,0.394381844,0.425531915,0.368183996,0.154219862,0.067901235,0.131863381,0.235294118,0.053124209,0.845780138,0.932098765,0.868136619,0.764705882,0.946875791,0.165876777,0.129411765,0.16869469,0.285714286,0.073684211,0.834123223,0.870588235,0.83130531,0.714285714,0.926315789
26,4,5,0.4512,0.708909091,0.4442,0.951,0.055,0.174,0.28,0.185,1.788,1.875,0.816,1.82,0.158881474,0.349539244,0.158881474,0.413091833,0.091565874,0.316502963,0.090145304,0.501785859,1.287814486,1.355223881,1.033410138,1.6,2.237882511,0.388928941,0.240174672,0.488124488,0.3125,0.224388303,0.611071059,0.759825328,0.511875512,0.6875,0.775611697,0.59277854,0.36345776,0.406340701,0.619047619,1.007169043,0.176573551,0.07925072,0.28385458,0.147058824,0.091565874,0.277425965,0.250720461,0.297666296,0.323529412,0.316502963,0.173834156,0.403458213,0.129544372,0.147058824,0.090145304,0.372166328,0.266570605,0.288934752,0.382352941,0.501785859,0.496091132,0.835820896,0.313364055,0.5,0.496091132,0.503908868,0.164179104,0.686635945,0.5,0.503908868,0.385219407,0.616740088,0.303232999,0.3125,0.22167881,0.614780593,0.383259912,0.696767001,0.6875,0.77832119
29,1,5,0.750666667,0.768125,0.155,1.055368421,0.477,0.162,0.045,0.11,1.4,1.788,0.295,2.85,0.151725882,0.404602352,0.101150588,0.480465293,0.120215662,0.328030748,0.016548337,0.535205253,1.019276776,0.396551724,1.228908555,2,2.519516003,0.494252558,0.746478873,0.439146801,0.272727273,0.268191021,0.505747442,0.253521127,0.560853199,0.727272727,0.731808979,0.630525556,0.160818713,0.818260121,0.730769231,1.151487309,0.275054098,0.600755668,0.221064267,0.133333333,0.120215662,0.28145106,0.204030227,0.282330649,0.355555556,0.328030748,0.05679403,0.056675063,0.046581399,0.088888889,0.016548337,0.386700812,0.138539043,0.450023685,0.422222222,0.535205253,0.171144645,0.086206897,0.174041298,0.4,0.120999219,0.828855355,0.913793103,0.825958702,0.6,0.879000781,0.167907921,0.217391304,0.14162266,0.2,0.048024787,0.832092079,0.782608696,0.85837734,0.8,0.951975213
29,2,1,0.6158,1.008,0.3905,1.22,0.147,0.265,0.188,0.015,1.76,2.52,0.593,5.235,0.126438235,0.354027058,0.050575294,0.429889999,0.079536061,0.364538128,0.020174623,0.535751188,1.389744609,1.352238806,1.322991925,2.285714286,3.858290155,0.379233896,0.356796117,0.411214953,0.263157895,0.179105346,0.620766104,0.643203883,0.588785047,0.736842105,0.820894654,0.605669463,0.025,1.074286887,0.80952381,1.15401736,0.190396686,0.23902439,0.174119509,0.131578947,0.079536061,0.311659401,0.430894309,0.249307479,0.368421053,0.364538128,0.120737099,0.305691057,0.058666403,0.052631579,0.020174623,0.377206814,0.024390244,0.517906609,0.447368421,0.535751188,0.388055252,0.56119403,0.2520187,0.285714286,0.202331606,0.611944748,0.43880597,0.7479813,0.714285714,0.797668394,0.279227744,0.415011038,0.190491487,0.125,0.052440744,0.720772256,0.584988962,0.809508513,0.875,0.947559256
29,3,2,0.410333333,1.198692308,0.5695,1.107266667,0.008,0.187,0.37,0.025,1.125,2.865,0.769,4.728,0.095328885,0.413091833,0.06355259,0.476644423,0.035617152,0.450870899,0.032955269,0.480556681,1.804584767,1.473544974,1.918690602,3,7.055696203,0.25501976,0.041025641,0.281954887,0.1875,0.073212799,0.74498024,0.958974359,0.718045113,0.8125,0.926787201,0.508264234,0.044247788,0.993486026,0.833333333,0.92513786,0.124881093,0.013559322,0.118583325,0.090909091,0.035617152,0.364810735,0.316949153,0.3019922,0.393939394,0.450870899,0.173321971,0.627118644,0.08105829,0.060606061,0.032955269,0.336986201,0.042372881,0.498366185,0.454545455,0.480556681,0.581221296,0.978835979,0.406019007,0.4,0.480590717,0.418778704,0.021164021,0.593980993,0.6,0.519409283,0.322080352,0.66427289,0.211612548,0.133333333,0.068113862,0.677919648,0.33572711,0.788387452,0.866666667,0.931886138
29,4,3,0.580875,0.491428571,0.372142857,1.609,0.017,0.079,0.073,0.04,1.625,0.915,0.945,6.457,0.254210359,0.444868128,0.222434064,0.508420718,0.116536262,0.172534858,0.065327515,0.645601364,0.906144016,1.688888889,0.723735409,1.4,1.307915058,0.541707605,0.177083333,0.63976378,0.363636364,0.403140453,0.458292395,0.822916667,0.36023622,0.636363636,0.596859547,1.113921547,0.236686391,1.852797704,0.551724138,1.821681291,0.190235858,0.081339713,0.163447998,0.177777778,0.116536262,0.160942261,0.377990431,0.092033796,0.311111111,0.172534858,0.121876334,0.349282297,0.095051298,0.155555556,0.065327515,0.526945547,0.19138756,0.649466908,0.355555556,0.645601364,0.390488861,0.811111111,0.36770428,0.466666667,0.359211252,0.609511139,0.188888889,0.63229572,0.533333333,0.640788748,0.430934657,0.480263158,0.508064516,0.333333333,0.274644175,0.569065343,0.519736842,0.491935484,0.666666667,0.725355825
31,1,3,0.91616,0.122,0.207,0.616173913,0.035,0.001,0.073,0.058,3.379,0.304,0.444,1.557,0.632191175,0.177013529,0.25287647,0.581615881,0.5726,0.02135,0.05175,0.3543,0.292923537,0.685185185,0.19565786,0.485714286,0.117081765,0.882484395,0.972222222,0.917458594,0.78125,0.964054213,0.117515605,0.027777778,0.082541406,0.21875,0.035945787,0.49485521,0.532110092,0.377271626,0.547619048,0.54870683,0.49220615,0.209580838,0.594475721,0.384615385,0.5726,0.065544392,0.005988024,0.053483462,0.107692308,0.02135,0.111210567,0.437125749,0.078114004,0.153846154,0.05175,0.33103889,0.347305389,0.273926812,0.353846154,0.3543,0.184301435,0.675925926,0.116139158,0.285714286,0.082886202,0.815698565,0.324074074,0.883860842,0.714285714,0.917113798,0.629179331,0.986486486,0.593582888,0.588235294,0.707934337,0.370820669,0.013513514,0.406417112,0.411764706,0.292065663
31,2,3,0.802954545,0.302875,0.493285714,0.7480625,0.044,0.013,0.061,0.105,3.255,0.799,1.473,1.625,0.556328234,0.202301176,0.354027058,0.404602352,0.453378847,0.062187203,0.177245079,0.307188871,0.614207674,0.704761905,0.480541455,0.611111111,0.379675227,0.726110592,0.771929825,0.802910705,0.733333333,0.879380725,0.273889408,0.228070175,0.197089295,0.266666667,0.120619275,0.467797737,0.889830508,0.294011218,0.363636364,0.443394828,0.342093624,0.197309417,0.45511745,0.366666667,0.453378847,0.129037947,0.058295964,0.111717002,0.133333333,0.062187203,0.210161208,0.273542601,0.205956376,0.233333333,0.177245079,0.318707221,0.470852018,0.227209172,0.266666667,0.307188871,0.380551144,0.580952381,0.311548223,0.388888889,0.281063042,0.619448856,0.419047619,0.688451777,0.611111111,0.718936958,0.619580576,0.824324324,0.648327465,0.636363636,0.740272269,0.380419424,0.175675676,0.351672535,0.363636364,0.259727731
31,3,3,0.858727273,0.412166667,0.803142857,0.983454545,0.161,0.035,0.188,0.004,1.555,1.354,1.511,2.193,0.349539244,0.190657769,0.222434064,0.349539244,0.333086498,0.087203357,0.198243944,0.381466201,0.731290311,0.638968481,0.93444227,0.722222222,0.537231218,0.675687598,0.821428571,0.534547955,0.647058824,0.792516151,0.324312402,0.178571429,0.465452045,0.352941176,0.207483849,0.474174107,0.010416667,0.496153846,0.458333333,0.616726526,0.280860083,0.414948454,0.2351429,0.314285714,0.333086498,0.134805506,0.090206186,0.204748223,0.171428571,0.087203357,0.262680337,0.484536082,0.228489339,0.2,0.198243944,0.321654074,0.010309278,0.331619537,0.314285714,0.381466201,0.483276547,0.538681948,0.492824527,0.388888889,0.373108574,0.516723453,0.461318052,0.507175473,0.611111111,0.626891426,0.660854574,0.843049327,0.527399651,0.538461538,0.694502779,0.339145426,0.156950673,0.472600349,0.461538462,0.305497221
31,4,4,1.02375,0.486,0.5295,0.890545455,0.275,0.082,0.11,0.166,3.411,1.152,1.09,3.047,0.381315539,0.12710518,0.190657769,0.349539244,0.451621204,0.071465333,0.116792883,0.360120579,0.653790439,0.498701299,0.498111531,0.555555556,0.331199069,0.678092399,0.770308123,0.747534517,0.75,0.863377609,0.321907601,0.229691877,0.252465483,0.25,0.136622391,0.436702442,0.355460385,0.539005838,0.5,0.562794439,0.349427124,0.434439179,0.392068966,0.363636364,0.451621204,0.165881888,0.129541864,0.132413793,0.121212121,0.071465333,0.18072934,0.173775671,0.125287356,0.181818182,0.116792883,0.303961648,0.262243286,0.350229885,0.333333333,0.360120579,0.340898117,0.285714286,0.242168407,0.333333333,0.205471478,0.659101883,0.714285714,0.757831593,0.666666667,0.794528522,0.521418021,0.572916667,0.48617306,0.6,0.620386643,0.478581979,0.427083333,0.51382694,0.4,0.379613357
32,1,5,0.122,0.91616,0.207,0.616173913,0.001,0.035,0.073,0.058,0.304,3.379,0.444,1.557,0.177013529,0.632191175,0.25287647,0.581615881,0.02135,0.5726,0.05175,0.3543,3.413860182,1.459459459,5.110962567,2.058823529,8.541039672,0.117515605,0.027777778,0.082541406,0.21875,0.035945787,0.882484395,0.972222222,0.917458594,0.78125,0.964054213,0.49485521,0.532110092,0.377271626,0.547619048,0.54870683,0.065544392,0.005988024,0.053483462,0.107692308,0.02135,0.49220615,0.209580838,0.594475721,0.384615385,0.5726,0.111210567,0.437125749,0.078114004,0.153846154,0.05175,0.33103889,0.347305389,0.273926812,0.353846154,0.3543,0.629179331,0.986486486,0.593582888,0.588235294,0.707934337,0.370820669,0.013513514,0.406417112,0.411764706,0.292065663,0.184301435,0.675925926,0.116139158,0.285714286,0.082886202,0.815698565,0.324074074,0.883860842,0.714285714,0.917113798
32,2,4,0.302875,0.802954545,0.493285714,0.7480625,0.013,0.044,0.061,0.105,0.799,3.255,1.473,1.625,0.202301176,0.556328234,0.354027058,0.404602352,0.062187203,0.453378847,0.177245079,0.307188871,1.628113817,1.418918919,2.080985915,1.636363636,2.633829992,0.273889408,0.228070175,0.197089295,0.266666667,0.120619275,0.726110592,0.771929825,0.802910705,0.733333333,0.879380725,0.467797737,0.889830508,0.294011218,0.363636364,0.443394828,0.129037947,0.058295964,0.111717002,0.133333333,0.062187203,0.342093624,0.197309417,0.45511745,0.366666667,0.453378847,0.210161208,0.273542601,0.205956376,0.233333333,0.177245079,0.318707221,0.470852018,0.227209172,0.266666667,0.307188871,0.619580576,0.824324324,0.648327465,0.636363636,0.740272269,0.380419424,0.175675676,0.351672535,0.363636364,0.259727731,0.380551144,0.580952381,0.311548223,0.388888889,0.281063042,0.619448856,0.419047619,0.688451777,0.611111111,0.718936958
32,3,4,0.412166667,0.858727273,0.803142857,0.983454545,0.035,0.161,0.188,0.004,1.354,1.555,1.511,2.193,0.190657769,0.349539244,0.222434064,0.349539244,0.087203357,0.333086498,0.198243944,0.381466201,1.367445986,1.565022422,1.070157068,1.384615385,1.861395923,0.324312402,0.178571429,0.465452045,0.352941176,0.207483849,0.675687598,0.821428571,0.534547955,0.647058824,0.792516151,0.474174107,0.010416667,0.496153846,0.458333333,0.616726526,0.134805506,0.090206186,0.204748223,0.171428571,0.087203357,0.280860083,0.414948454,0.2351429,0.314285714,0.333086498,0.262680337,0.484536082,0.228489339,0.2,0.198243944,0.321654074,0.010309278,0.331619537,0.314285714,0.381466201,0.660854574,0.843049327,0.527399651,0.538461538,0.694502779,0.339145426,0.156950673,0.472600349,0.461538462,0.305497221,0.483276547,0.538681948,0.492824527,0.388888889,0.373108574,0.516723453,0.461318052,0.507175473,0.611111111,0.626891426
32,4,5,0.486,1.02375,0.5295,0.890545455,0.082,0.275,0.11,0.166,1.152,3.411,1.09,3.047,0.12710518,0.381315539,0.190657769,0.349539244,0.071465333,0.451621204,0.116792883,0.360120579,1.529542097,2.005208333,2.007582516,1.8,3.019332162,0.321907601,0.229691877,0.252465483,0.25,0.136622391,0.678092399,0.770308123,0.747534517,0.75,0.863377609,0.436702442,0.355460385,0.539005838,0.5,0.562794439,0.165881888,0.129541864,0.132413793,0.121212121,0.071465333,0.349427124,0.434439179,0.392068966,0.363636364,0.451621204,0.18072934,0.173775671,0.125287356,0.181818182,0.116792883,0.303961648,0.262243286,0.350229885,0.333333333,0.360120579,0.521418021,0.572916667,0.48617306,0.6,0.620386643,0.478581979,0.427083333,0.51382694,0.4,0.379613357,0.340898117,0.285714286,0.242168407,0.333333333,0.205471478,0.659101883,0.714285714,0.757831593,0.666666667,0.794528522
35,1,4,1.315571429,1.214142857,0.4035,0.867727273,0.195,0.003,0.01,0.007,2.387,2.883,0.832,2.21,0.177013529,0.177013529,0.101150588,0.278164117,0.319014792,0.294419233,0.055911595,0.33065438,0.940998047,0.063414634,1.15408512,1,0.934398965,0.520047436,0.984848485,0.452941176,0.5,0.520047436,0.479952564,0.015151515,0.547058824,0.5,0.479952564,0.295828122,0.033653846,0.362176336,0.611111111,0.493996481,0.346117247,0.906976744,0.287175168,0.24137931,0.319014792,0.31943213,0.013953488,0.346847931,0.24137931,0.294419233,0.106157907,0.046511628,0.100096246,0.137931034,0.055911595,0.228292716,0.03255814,0.265880654,0.379310345,0.33065438,0.234719741,0.048780488,0.258465362,0.363636364,0.149126859,0.765280259,0.951219512,0.741534638,0.636363636,0.850873141,0.249437012,0.769230769,0.223956931,0.363636364,0.159596559,0.750562988,0.230769231,0.776043069,0.636363636,0.840403441
35,2,4,4.843,0,0.513,0.977,0.4,0,0.513,0.529,15.32,0,0.513,1.336,0.151725882,0,0.025287647,0.151725882,0.820082973,0,0.014478029,0.165438998,0.095780433,0.561883899,0.032400682,0.142857143,0.017348078,1,1,1,1,1,0,0,0,0,0,0.182412248,0.579408543,0.084380724,0.857142857,0.198234757,0.764724459,0.27739251,0.8923059,0.461538462,0.820082973,0,0,0,0,0,0.081004263,0.355755895,0.029879434,0.076923077,0.014478029,0.154271277,0.366851595,0.077814666,0.461538462,0.165438998,0.095780433,0.561883899,0.032400682,0.142857143,0.017348078,0.904219567,0.438116101,0.967599318,0.857142857,0.982651922,1,1,1,1,1,0,0,0,0,0
35,3,4,1.715,2.518,0.758,0.938142857,0.279,2.518,0.758,0.567,3.914,2.518,0.758,1.313,0.190657769,0.031776295,0.031776295,0.222434064,0.511101177,0.125068296,0.03764963,0.326180897,1.324706834,3.159112825,0.70119863,0.285714286,0.296524258,0.405150012,0.099749732,0.6085199,0.857142857,0.803404122,0.594849988,0.900250268,0.3914801,0.142857143,0.196595878,0.187966912,0.159493671,0.182614743,0.875,0.484077842,0.289249229,0.06768559,0.460308127,0.4,0.511101177,0.424681958,0.61086851,0.296130777,0.066666667,0.125068296,0.127843099,0.183891315,0.089145008,0.066666667,0.03764963,0.158225713,0.137554585,0.154416088,0.466666667,0.326180897,0.306510311,0.730954677,0.162243151,0.142857143,0.068609703,0.693489689,0.269045323,0.837756849,0.857142857,0.931390297,0.231379731,0.231379731,0.231379731,0.5,0.231379731,0.768620269,0.768620269,0.768620269,0.5,0.768620269
35,4,5,3.382714286,0.3935,0.3565,1.352625,0.239,0.087,0.153,0.5,9.028,0.7,0.56,3.79,0.222434064,0.06355259,0.06355259,0.254210359,0.65775,0.021861111,0.019805556,0.300583333,0.200576897,0.612244898,0.131414268,0.444444444,0.061495572,0.895795108,0.733128834,0.928042763,0.777777778,0.967832911,0.104204892,0.266871166,0.071957237,0.222222222,0.032167089,0.327297003,1.043841336,0.368390358,0.727272727,0.429762898,0.616682781,0.24412666,0.641284273,0.368421053,0.65775,0.071736675,0.08886619,0.049722972,0.105263158,0.021861111,0.064991422,0.15628192,0.039778378,0.105263158,0.019805556,0.246589122,0.51072523,0.269214377,0.421052632,0.300583333,0.095340885,0.390306122,0.058406341,0.222222222,0.029230895,0.904659115,0.609693878,0.941593659,0.777777778,0.970769105,0.475333333,0.6375,0.444444444,0.5,0.475333333,0.524666667,0.3625,0.555555556,0.5,0.524666667
36,1,4,2.144555556,1.407333333,0.614,1.198363636,0.115,0.108,0.515,0.457,6.673,3.062,0.713,3.745,0.227588823,0.075862941,0.050575294,0.278164117,0.508818179,0.111301505,0.032372868,0.347507447,0.732750634,0.988888889,0.511102085,0.454545455,0.265478104,0.603778897,0.515695067,0.685464818,0.75,0.820516091,0.396221103,0.484304933,0.314535182,0.25,0.179483909,0.287660969,0.619241192,0.358441807,0.785714286,0.532584542,0.399786465,0.09623431,0.470161347,0.36,0.508818179,0.262354042,0.090376569,0.215740154,0.12,0.111301505,0.114461427,0.430962343,0.050236032,0.08,0.032372868,0.223398065,0.382426778,0.263862467,0.44,0.347507447,0.222580255,0.817460317,0.096533983,0.181818182,0.059817819,0.777419745,0.182539683,0.903466017,0.818181818,0.940182181,0.303759894,0.826645265,0.188874172,0.4,0.225321101,0.696240106,0.173354735,0.811125828,0.6,0.774678899
36,2,4,0.972090909,0.502,0.229,2.116363636,0.252,0.502,0.15,0.739,3.393,0.502,0.308,3.135,0.278164117,0.025287647,0.050575294,0.278164117,0.306100249,0.014370366,0.013110812,0.666418573,0.608613382,1.621890547,0.218859768,0.230769231,0.086090934,0.659451126,0.334217507,0.871116816,0.916666667,0.955158553,0.340548874,0.665782493,0.128883184,0.083333333,0.044841447,1.242660404,0.817477876,0.745895789,0.785714286,1.997768815,0.254510401,0.153377967,0.462387572,0.44,0.306100249,0.13143238,0.305538649,0.068411011,0.04,0.014370366,0.059956205,0.091296409,0.04197329,0.08,0.013110812,0.554101014,0.449786975,0.427228128,0.44,0.666418573,0.190660006,0.373134328,0.083220751,0.153846154,0.04107255,0.809339994,0.626865672,0.916779249,0.846153846,0.95892745,0.313269494,0.23006135,0.380246914,0.666666667,0.477083333,0.686730506,0.76993865,0.619753086,0.333333333,0.522916667
36,3,4,1.233555556,0.9384,0.379,1.711181818,0.208,0.177,0.227,0.12,2.112,1.843,0.733,4.058,0.285986654,0.158881474,0.12710518,0.349539244,0.307253757,0.129853596,0.041956107,0.52093654,0.816964101,0.928735632,0.905448155,0.692307692,0.491995562,0.56794696,0.54025974,0.534007585,0.642857143,0.702925161,0.43205304,0.45974026,0.465992415,0.357142857,0.297074839,0.670800326,0.196078431,0.865614334,0.611111111,1.087406124,0.28942182,0.284153005,0.24148182,0.310344828,0.307253757,0.220171223,0.241803279,0.210724903,0.172413793,0.129853596,0.088922521,0.31010929,0.083809742,0.137931034,0.041956107,0.401484436,0.163934426,0.463983535,0.379310345,0.52093654,0.235030662,0.52183908,0.257644991,0.307692308,0.120145823,0.764969338,0.47816092,0.742355009,0.692307692,0.879854177,0.28768787,0.561881188,0.284549689,0.444444444,0.244201031,0.71231213,0.438118812,0.715450311,0.555555556,0.755798969
36,4,4,1.519666667,0.971333333,0.4575,1.623727273,0.043,0.698,0.38,0.212,3.976,1.508,0.535,4.95,0.285986654,0.095328885,0.06355259,0.349539244,0.386716431,0.082393191,0.025871575,0.505018803,0.722667116,2.548463357,0.452892928,0.454545455,0.262404057,0.610062893,0.05802969,0.725018235,0.75,0.824362606,0.389937107,0.94197031,0.274981765,0.25,0.175637394,0.55069604,0.18911686,0.822395747,0.785714286,1.020278762,0.332369013,0.032258065,0.362476069,0.36,0.386716431,0.21244205,0.523630908,0.137478348,0.12,0.082393191,0.100060643,0.285071268,0.048773817,0.08,0.025871575,0.355128294,0.15903976,0.451271766,0.44,0.505018803,0.231391722,0.898345154,0.11859898,0.181818182,0.062705592,0.768608278,0.101654846,0.88140102,0.818181818,0.937294408,0.320191298,0.352504638,0.261869799,0.4,0.238965787,0.679808702,0.647495362,0.738130201,0.6,0.761034213
38,1,5,1,0.427428571,0.403111111,0.862538462,0.135,0.085,0.095,0.149,3.325,0.862,1.239,3.251,0.354027058,0.177013529,0.227588823,0.328739411,0.439795181,0.093990513,0.11396978,0.352244526,0.591927237,0.782608696,0.460341805,0.695652174,0.375538915,0.700560448,0.613636364,0.794124672,0.666666667,0.823917137,0.299439552,0.386363636,0.205875328,0.333333333,0.176082863,0.471193534,0.473015873,0.59915223,0.433333333,0.543792435,0.371322311,0.290948276,0.383196957,0.325581395,0.439795181,0.158713765,0.183189655,0.099343091,0.162790698,0.093990513,0.149684149,0.204741379,0.142791287,0.209302326,0.11396978,0.320279775,0.32112069,0.374668664,0.302325581,0.352244526,0.287298068,0.413043478,0.271472393,0.391304348,0.20580894,0.712701932,0.586956522,0.728527607,0.608695652,0.79419106,0.485360446,0.527777778,0.589719181,0.5625,0.548036254,0.514639554,0.472222222,0.410280819,0.4375,0.451963746
38,2,5,1.551857143,0.2735,0.509666667,1.045071429,0.395,0.165,0.364,0.165,3.97,0.382,0.655,4.423,0.354027058,0.050575294,0.075862941,0.354027058,0.565295449,0.014232561,0.039783519,0.380688471,0.379896979,0.696969697,0.224216216,0.294117647,0.089271124,0.850166308,0.705357143,0.912224265,0.875,0.975441117,0.149833692,0.294642857,0.087775735,0.125,0.024558883,0.4475635,0.178571429,0.883363291,0.736842105,0.614696244,0.459116396,0.36271809,0.420996819,0.424242424,0.565295449,0.08091488,0.151515152,0.040509014,0.060606061,0.014232561,0.150784706,0.334251607,0.069459173,0.090909091,0.039783519,0.309184018,0.151515152,0.469034995,0.424242424,0.380688471,0.247228125,0.479578393,0.141621622,0.176470588,0.065749301,0.752771875,0.520421607,0.858378378,0.823529412,0.934250699,0.650776761,0.688090737,0.631629701,0.6,0.736512524,0.349223239,0.311909263,0.368370299,0.4,0.263487476
38,3,5,1.914833333,0.62025,0.4295,2.237555556,0.393,0.113,0.329,0.149,4.151,1.178,0.53,9.607,0.190657769,0.12710518,0.06355259,0.285986654,0.328566935,0.070952612,0.024566019,0.575914434,0.447781885,0.612188366,0.364879299,0.75,0.270489148,0.755333487,0.776679842,0.778945393,0.6,0.822405154,0.244666513,0.223320158,0.221054607,0.4,0.177594846,0.754762239,0.178443114,1.639699607,0.75,1.358014701,0.368085777,0.399390244,0.268395189,0.285714286,0.328566935,0.119229804,0.114837398,0.076167076,0.19047619,0.070952612,0.082562194,0.334349593,0.034268718,0.095238095,0.024566019,0.430122225,0.151422764,0.621169016,0.428571429,0.575914434,0.183207735,0.45567867,0.11322367,0.25,0.069565922,0.816792265,0.54432133,0.88677633,0.75,0.930434078,0.409145035,0.744343891,0.31030445,0.333333333,0.257185629,0.590854965,0.255656109,0.68969555,0.666666667,0.742814371
38,4,5,1.64875,0.458285714,0.5415,0.822416667,0.449,0.07,0.243,0.04,3,1.229,0.975,1.93,0.254210359,0.222434064,0.12710518,0.381315539,0.463897584,0.112826645,0.076179088,0.347096683,0.456471049,0.452312139,0.554465409,0.916666667,0.349960927,0.782497415,0.865125241,0.709387562,0.533333333,0.804366386,0.217502585,0.134874759,0.290612438,0.466666667,0.195633614,0.310517492,0.052493438,0.370868563,0.631578947,0.53162034,0.475013719,0.559850374,0.420521447,0.258064516,0.463897584,0.132034573,0.087281796,0.172273619,0.225806452,0.112826645,0.156009055,0.302992519,0.13666947,0.129032258,0.076179088,0.236942653,0.049875312,0.270535464,0.387096774,0.347096683,0.247232051,0.351156069,0.245283019,0.333333333,0.141052357,0.752767949,0.648843931,0.754716981,0.666666667,0.858947643,0.541616061,0.776357827,0.442377495,0.363636364,0.403051731,0.458383939,0.223642173,0.557622505,0.636363636,0.596948269
40,1,3,1.730545455,0.1575,0.2385,1.281363636,0.06,0.068,0.192,0.199,5,0.247,0.285,3.957,0.278164117,0.050575294,0.050575294,0.278164117,0.5611532,0.009285735,0.014061256,0.415499808,0.201112676,1.031746032,0.100662252,0.307692308,0.040588326,0.916580398,0.46875,0.952925481,0.846153846,0.983721771,0.083419602,0.53125,0.047074519,0.153846154,0.016278229,0.60255643,0.621875,0.715292842,0.733333333,0.710863425,0.507802705,0.115606936,0.526925914,0.423076923,0.5611532,0.046216022,0.131021195,0.02603014,0.076923077,0.009285735,0.069984261,0.369942197,0.030034777,0.076923077,0.014061256,0.375997012,0.383429672,0.417009169,0.423076923,0.415499808,0.12112468,0.761904762,0.053926206,0.153846154,0.024445242,0.87887532,0.238095238,0.946073794,0.846153846,0.975554758,0.602272727,0.738461538,0.535714286,0.5,0.602272727,0.397727273,0.261538462,0.464285714,0.5,0.397727273
40,2,3,1.9065,0.343,0.2285,1.759777778,0.685,0.268,0.022,0.005,4.8,0.418,0.435,8.817,0.202301176,0.050575294,0.050575294,0.227588823,0.473179661,0.021282537,0.014178016,0.491359787,0.267681499,0.410183876,0.162941738,0.4,0.072760838,0.847521671,0.718782791,0.919892679,0.8,0.956958213,0.152478329,0.281217209,0.080107321,0.2,0.043041787,0.710160524,0.005128205,1.559702813,0.75,0.966026228,0.449882014,0.698979592,0.331720802,0.380952381,0.473179661,0.080938647,0.273469388,0.028887353,0.095238095,0.021282537,0.053919769,0.02244898,0.030062198,0.095238095,0.014178016,0.41525957,0.005102041,0.609329648,0.428571429,0.491359787,0.107025761,0.031117397,0.083094556,0.2,0.029091604,0.892974239,0.968882603,0.916905444,0.8,0.970908396,0.399825022,0.075862069,0.50996483,0.5,0.399825022,0.600174978,0.924137931,0.49003517,0.5,0.600174978
40,3,3,2.4886,1.623,0,1.472777778,0.164,0.831,0,0.148,5.84,2.143,0,4.338,0.158881474,0.095328885,0,0.285986654,0.407072987,0.15928943,0,0.433637583,0.652173913,5.067073171,0.366952055,0.6,0.391304348,0.605263158,0.164824121,0.731554553,0.625,0.71875,0.394736842,0.835175879,0.268445447,0.375,0.28125,0.358200646,0.148743719,0.543404735,1.125,0.765653882,0.44563604,0.143482065,0.473987501,0.294117647,0.407072987,0.2906322,0.727034121,0.173930687,0.176470588,0.15928943,0,0,0,0,0,0.26373176,0.129483815,0.352081812,0.529411765,0.433637583,0,0,0,0,0,1,1,1,1,1,0,0,0,0,0,1,1,1,1,1
40,4,3,2.257,2.636,1.137,0.7189,0.353,0.182,1.137,0.218,4.05,4.452,1.137,1.548,0.222434064,0.095328885,0.031776295,0.317762949,0.493210127,0.246870415,0.035494646,0.224424812,1.111667649,0.885234899,1.077501446,0.5,0.534069438,0.461271204,0.659813084,0.476358504,0.7,0.666427637,0.538728796,0.340186916,0.523641496,0.3,0.333572363,0.119220564,0.130382775,0.160597572,0.909090909,0.289365642,0.334424869,0.186772487,0.362027353,0.333333333,0.493210127,0.390582169,0.096296296,0.39796192,0.142857143,0.246870415,0.168471899,0.601587302,0.101635827,0.047619048,0.035494646,0.106521063,0.115343915,0.138374899,0.476190476,0.224424812,0.335002946,0.763087248,0.219201851,0.125,0.067135097,0.664997054,0.236912752,0.780798149,0.875,0.932864903,0.30135171,0.862016679,0.203435319,0.25,0.125704809,0.69864829,0.137983321,0.796564681,0.75,0.874295191
47,1,2,1.5057,0.757666667,0.5626,0.963294118,0.077,0.04,0.005,0.133,4.391,2.325,1.472,4.195,0.25287647,0.303451764,0.126438235,0.429889999,0.347431815,0.209792792,0.064908394,0.377866999,0.63833422,0.548780488,0.647620672,1.133333333,0.666200336,0.665247934,0.658119658,0.653811793,0.454545455,0.623504079,0.334752066,0.341880342,0.346188207,0.545454545,0.376495921,0.340872427,1.090163934,0.512335125,0.62962963,0.60737334,0.397359824,0.301960784,0.354599047,0.227272727,0.347431815,0.199951048,0.156862745,0.187757409,0.272727273,0.209792792,0.14847223,0.019607843,0.118872648,0.113636364,0.064908394,0.254216897,0.521568627,0.338770896,0.386363636,0.377866999,0.27201083,0.06097561,0.251066007,0.333333333,0.157414661,0.72798917,0.93902439,0.748933993,0.666666667,0.842585339,0.426126035,0.111111111,0.38767448,0.294117647,0.236287274,0.573873965,0.888888889,0.61232552,0.705882353,0.763712726
47,2,3,1.611833333,0.811833333,0.706,0.810294118,0.1,0.01,0.35,0.097,4.478,2.49,1.062,1.9,0.303451764,0.151725882,0.050575294,0.429889999,0.490913706,0.123629442,0.035837563,0.349619289,0.654850076,0.8,0.641155235,0.571428571,0.302736822,0.665039197,0.909090909,0.642652124,0.666666667,0.798827076,0.334960803,0.090909091,0.357347876,0.333333333,0.201172924,0.258907482,0.210869565,0.236612702,0.85,0.537560976,0.409098827,0.179533214,0.450956697,0.324324324,0.490913706,0.20605112,0.017953321,0.250755287,0.162162162,0.123629442,0.179189601,0.628366248,0.10694864,0.054054054,0.035837563,0.205660452,0.174147217,0.191339376,0.459459459,0.349619289,0.304594808,0.777777778,0.191696751,0.142857143,0.068035078,0.695405192,0.222222222,0.808303249,0.857142857,0.931964922,0.465136708,0.972222222,0.298986486,0.25,0.224733408,0.534863292,0.027777778,0.701013514,0.75,0.775266592
47,3,3,1.362,1.027,0,1.586875,0.812,0.24,0,0.178,2.327,3.443,0,9.61,0.095328885,0.381315539,0,0.508420718,0.097751196,0.294832536,0,0.607416268,0.754038179,0.295566502,1.479587452,4,3.016152717,0.570113018,0.771863118,0.403292894,0.2,0.248994516,0.429886982,0.228136882,0.596707106,0.8,0.751005484,0.664242361,0.169201521,1.665511265,1.066666667,1.5472273,0.342566102,0.660162602,0.15130039,0.096774194,0.097751196,0.25830792,0.195121951,0.223862159,0.387096774,0.294832536,0,0,0,0,0,0.399125979,0.144715447,0.624837451,0.516129032,0.607416268,0,0,0,0,0,1,1,1,1,1,0,0,0,0,0,1,1,1,1,1
47,4,2,2.073,1.203545455,0.387,1.508416667,2.073,0.08,0.387,0.317,2.073,3.261,0.387,5.61,0.031776295,0.349539244,0.031776295,0.381315539,0.061331361,0.391686391,0.011449704,0.535532544,0.646563193,0.189837398,1.482926829,6,5.53902439,0.632678542,0.962842545,0.38863892,0.083333333,0.135384013,0.367321458,0.037157455,0.61136108,0.916666667,0.864615987,0.41173685,0.12480315,0.980597798,0.923076923,1.153003376,0.400815,0.725586279,0.182949431,0.04,0.061331361,0.232705775,0.0280014,0.287794546,0.44,0.391686391,0.074826534,0.135456773,0.034154091,0.04,0.011449704,0.29165269,0.110955548,0.495101933,0.48,0.535532544,0.157317073,0.157317073,0.157317073,0.5,0.157317073,0.842682927,0.842682927,0.842682927,0.5,0.842682927,0.243312757,0.82869379,0.106085526,0.083333333,0.028401585,0.756687243,0.17130621,0.893914474,0.916666667,0.971598415
